guarantee_id,guarantee_code,store_id,klass_id,guarantee_contract_type,guarantee_pay_type,guarantee_status,guarantee_memo,guarantee_currency,guarantee_total,remaining_guarantee,min_guarantee_per_month,fixed_guarantee_per_month,guarantee_start_date,guarantee_end_date,max_deduction,max_deduction_per_month,deduction_start_date,deduction_end_date,created_by,updated_by,created_at,updated_at
1953,GUARANTEE_b36UJab7gHLsKvc,612331c5c96c33001402a8a2,60fe3b45cd56a4000da7172c,SUBSCRIPTION_CREATOR,MONTHLY_FIXED,AVAILABLE,"",KRW,100000000.00,100000000.00,,25000000.00,2022-08-31 15:00:00,2022-11-30 15:00:00,,12500000.00,2023-03-31 15:00:00,,,,2023-01-31 02:30:35,2023-01-31 02:30:35
1954,GUARANTEE_ETtO6iIzshUOzDA,5e7c7037404bab37918fb999,5e3bbe5cf7dfdb0d871736bd,SUBSCRIPTION_CREATOR,MONTHLY_FIXED,AVAILABLE,"",KRW,12000000.00,12000000.00,,3000000.00,2022-08-31 15:00:00,2022-11-30 15:00:00,,1500000.00,2023-03-31 15:00:00,,,,2023-01-31 02:30:36,2023-01-31 02:30:36
1955,GUARANTEE_EyJZJpo6UzWJEyg,603494c215a69000141a48f4,602df2fed88cc70014fd926e,SUBSCRIPTION_CREATOR,MONTHLY_FIXED,AVAILABLE,"",KRW,40000000.00,40000000.00,,10000000.00,2022-08-31 15:00:00,2022-11-30 15:00:00,,5000000.00,2023-03-31 15:00:00,,,,2023-01-31 02:30:36,2023-01-31 02:30:36
1956,GUARANTEE_4wk06RASQjwpcLy,603fa00d029fd2000e0532d1,5fc08cbd327152000dd03e5b,SUBSCRIPTION_CREATOR,MONTHLY_FIXED,AVAILABLE,"",KRW,15000000.00,14369939.00,,3000000.00,2022-08-31 15:00:00,2022-12-31 15:00:00,,,2022-09-30 15:00:00,2023-01-31 15:00:00,,,2023-01-31 02:30:37,2023-01-31 02:30:37
1957,GUARANTEE_8s1YEo4VsZA1EyW,604783fbb51f020015383f48,60238275543d8f00159133d3,SUBSCRIPTION_CREATOR,MONTHLY_FIXED,AVAILABLE,"",KRW,12000000.00,11443819.00,,2000000.00,2022-08-31 15:00:00,2023-01-31 15:00:00,,,2022-09-30 15:00:00,2023-02-28 15:00:00,,,2023-01-31 02:30:37,2023-01-31 02:30:37
1958,GUARANTEE_gYhkrojv7eKSR8D,603fb8dee2da390015e37875,601e2de285946a000d5530ff,SUBSCRIPTION_CREATOR,MONTHLY_FIXED,AVAILABLE,"",KRW,20000000.00,20000000.00,,5000000.00,2022-08-31 15:00:00,2022-11-30 15:00:00,,2500000.00,2023-03-31 15:00:00,,,,2023-01-31 02:30:37,2023-01-31 02:30:37
1959,GUARANTEE_7a1ScHislpq0yla,6232d4947456cc000d211875,6215cf62578efc000e314d83,SUBSCRIPTION_CREATOR,MONTHLY_FIXED,AVAILABLE,"",KRW,60000000.00,60000000.00,,15000000.00,2022-09-30 15:00:00,2022-12-31 15:00:00,,7000000.00,2023-05-31 15:00:00,,,,2023-01-31 02:30:37,2023-01-31 02:30:37
1960,GUARANTEE_lVVAXJkskG709RC,628382e8e89e480015df24e8,627ca2501c4dcb000f2fac4e,SUBSCRIPTION_CREATOR,MONTHLY_FIXED,AVAILABLE,"",KRW,400000000.00,400000000.00,,80000000.00,2022-11-30 15:00:00,2023-03-31 15:00:00,,80000000.00,2023-05-31 15:00:00,,,,2023-01-31 02:30:38,2023-01-31 02:30:38
1961,GUARANTEE_sQpNkjWb8EE98hi,61e7953a4cb71000148b7b5f,61df568d1625f1000d621f76,SUBSCRIPTION_CREATOR,MONTHLY_FIXED,AVAILABLE,"",KRW,24000000.00,24000000.00,,6000000.00,2022-09-30 15:00:00,2022-12-31 15:00:00,,3000000.00,2023-03-31 15:00:00,,,,2023-01-31 02:30:38,2023-01-31 02:30:38
1962,GUARANTEE_hB1At4fqC7G6182,623ad0abdf9e29001391fbe4,6232fcd135fd80000d279192,SUBSCRIPTION_CREATOR,MONTHLY_FIXED,AVAILABLE,"",KRW,20000000.00,20000000.00,,5000000.00,2022-08-31 15:00:00,2022-11-30 15:00:00,,1000000.00,2023-03-31 15:00:00,,,,2023-01-31 02:30:38,2023-01-31 02:30:38
1963,GUARANTEE_V5PoadigFchrJDM,632183665435f6000f7b28e2,6303500e250d0900168bd6a1,SUBSCRIPTION_CREATOR,MONTHLY_FIXED,AVAILABLE,"",KRW,8000000.00,8000000.00,,2000000.00,2022-09-30 15:00:00,2022-12-31 15:00:00,,1000000.00,2023-03-31 15:00:00,,,,2023-01-31 02:30:39,2023-01-31 02:30:39
1964,GUARANTEE_Zh7ftGobeiFlWKx,5f16b35e7b86c30de421f953,5eff4b9e7ed31930a4652d8d,SUBSCRIPTION_CREATOR,MONTHLY_FIXED,AVAILABLE,"",KRW,6000000.00,6000000.00,,1500000.00,2022-09-30 15:00:00,2022-12-31 15:00:00,,500000.00,2023-03-31 15:00:00,,,,2023-01-31 02:30:39,2023-01-31 02:30:39
1965,GUARANTEE_0XzzY3Fa5tveGxp,61fddf5a47fb97001454d023,61f432c8b5633300146e240d,SUBSCRIPTION_CREATOR,MONTHLY_FIXED,AVAILABLE,"",KRW,16000000.00,16000000.00,,4000000.00,2022-09-30 15:00:00,2022-12-31 15:00:00,,2000000.00,2023-03-31 15:00:00,,,,2023-01-31 02:30:39,2023-01-31 02:30:39
1966,GUARANTEE_LJj0QBXaoeYMS37,6114cb23fbd8570014a9ee8c,60dc603dc55e040015cd713b,SUBSCRIPTION_CREATOR,MONTHLY_FIXED,AVAILABLE,"",KRW,3000000.00,3000000.00,,3000000.00,2022-09-30 15:00:00,2022-09-30 15:00:00,,1500000.00,2023-03-31 15:00:00,,,,2023-01-31 02:30:39,2023-01-31 02:30:39
1967,GUARANTEE_8htDqNOqKM7uhPo,62ce0a634c9b9e000e37e657,62873e2771b24a0015265ffe,SUBSCRIPTION_CREATOR,MONTHLY_FIXED,AVAILABLE,"",KRW,10000000.00,10000000.00,,2500000.00,2022-09-30 15:00:00,2022-12-31 15:00:00,,1200000.00,2023-03-31 15:00:00,,,,2023-01-31 02:30:40,2023-01-31 02:30:40
1968,GUARANTEE_B9xNCwofxroPNro,60ff7ec554499f000d8967b0,60e11d48aeeab1000e849f07,SUBSCRIPTION_CREATOR,MONTHLY_FIXED,AVAILABLE,"",KRW,8000000.00,8000000.00,,2000000.00,2022-10-31 15:00:00,2023-01-31 15:00:00,,1000000.00,2023-03-31 15:00:00,,,,2023-01-31 02:30:40,2023-01-31 02:30:40
1969,GUARANTEE_HkWXomZpm7IB2xf,5ebc9eab395b810f5fff2926,5e854af445c476722d1ed7c6,SUBSCRIPTION_CREATOR,MONTHLY_FIXED,AVAILABLE,"",KRW,28000000.00,28000000.00,,28000000.00,2022-09-30 15:00:00,2022-09-30 15:00:00,,5000000.00,2023-04-30 15:00:00,,,,2023-01-31 02:30:40,2023-01-31 02:30:40
1970,GUARANTEE_B3feDj0a1J989nF,6090bd5c93cea9000eac2ef5,6059f5a5df0d66000e2d1e3d,SUBSCRIPTION_CREATOR,MONTHLY_FIXED,AVAILABLE,"",KRW,40000000.00,40000000.00,,10000000.00,2022-10-31 15:00:00,2023-01-31 15:00:00,,0.00,,,,,2023-01-31 02:30:41,2023-01-31 02:30:41
1971,GUARANTEE_u4u8PjoPtZCS4Lk,60f1308bc69381001510783a,60e3f9fdf7feba00157da4dc,SUBSCRIPTION_CREATOR,MONTHLY_FIXED,AVAILABLE,"",KRW,2000000.00,2000000.00,,500000.00,2022-09-30 15:00:00,2022-12-31 15:00:00,,250000.00,2023-03-31 15:00:00,,,,2023-01-31 02:30:41,2023-01-31 02:30:41
1972,GUARANTEE_EoVlvbng0PSbZxC,6330f0db3d0f1d000e4c8c01,62ce574d474d0b0015b15b8c,SUBSCRIPTION_CREATOR,MONTHLY_FIXED,AVAILABLE,"",KRW,2000000.00,2000000.00,,2000000.00,2022-10-31 15:00:00,2022-10-31 15:00:00,,1000000.00,2023-03-31 15:00:00,,,,2023-01-31 02:30:41,2023-01-31 02:30:41
1973,GUARANTEE_CQeDdAb4pVDnRae,62d93290b5fed6000e5e1cd8,6284c5a06b2d9a000e8c4ad6,SUBSCRIPTION_CREATOR,MONTHLY_FIXED,AVAILABLE,"",KRW,3000000.00,3000000.00,,3000000.00,2022-10-31 15:00:00,2022-10-31 15:00:00,,1500000.00,2023-03-31 15:00:00,,,,2023-01-31 02:30:41,2023-01-31 02:30:41
1974,GUARANTEE_Fd8502E5UC0zANT,5e5382a0169295408735b8e4,5de754e95d380e0da49566ae,SUBSCRIPTION_CREATOR,MONTHLY_FIXED,AVAILABLE,"",KRW,8000000.00,8000000.00,,2000000.00,2022-10-31 15:00:00,2023-01-31 15:00:00,,1000000.00,2023-03-31 15:00:00,,,,2023-01-31 02:30:42,2023-01-31 02:30:42
1975,GUARANTEE_t0DesZf7SHN7o2Y,5f55d3163d49e3000cbefc09,5f54f4c556dc5b0024d3f51d,SUBSCRIPTION_CREATOR,MONTHLY_FIXED,AVAILABLE,"",KRW,24000000.00,24000000.00,,4000000.00,2022-10-31 15:00:00,2023-03-31 15:00:00,,2000000.00,2023-05-31 15:00:00,,,,2023-01-31 02:30:42,2023-01-31 02:30:42
1976,GUARANTEE_3QH6HWTT1B10FVj,5e85917d9224ab2db7aea3da,5e62053ff3816310f94553a6,SUBSCRIPTION_CREATOR,MONTHLY_FIXED,AVAILABLE,"",KRW,5000000.00,5000000.00,,5000000.00,2022-12-31 15:00:00,2022-12-31 15:00:00,,2500000.00,2023-03-31 15:00:00,,,,2023-01-31 02:30:42,2023-01-31 02:30:42
1977,GUARANTEE_mSDVjhoVowzBAlB,5d94468b638ae70c886281a5,5d91826171dcdf0c19dd4486,PRIVATE_BRAND,MONTHLY_FIXED,AVAILABLE,"",KRW,100000000.00,0.00,,100000000.00,2023-02-28 15:00:00,2023-02-28 15:00:00,,0.00,,,,,2023-01-31 02:30:43,2023-01-31 02:30:43
1978,GUARANTEE_FmoJVMFEnqRrelp,5c73687a33cd1d1a3c830d97,5c514d81d30c532c446947e4,PRIVATE_BRAND,MONTHLY_FIXED,AVAILABLE,"",KRW,1700000.00,0.00,,1700000.00,2022-11-30 15:00:00,2022-11-30 15:00:00,,0.00,,,,,2023-01-31 02:30:43,2023-01-31 02:30:43
1979,GUARANTEE_f599rnXYxcqBsOo,5d06259c1f972a67b16ce646,5c514d80d30c532c44694646,PRIVATE_BRAND,MONTHLY_FIXED,AVAILABLE,"",KRW,1000000.00,0.00,,1000000.00,2022-11-30 15:00:00,2022-11-30 15:00:00,,0.00,,,,,2023-01-31 02:30:43,2023-01-31 02:30:43
1980,GUARANTEE_uz9nucYtVjowzmQ,5c6d00d0d3fb5d55aca8e7e0,5c514d80d30c532c44694666,PRIVATE_BRAND,MONTHLY_FIXED,AVAILABLE,"",KRW,4000000.00,0.00,,4000000.00,2022-11-30 15:00:00,2022-11-30 15:00:00,,0.00,,,,,2023-01-31 02:30:43,2023-01-31 02:30:43
1981,GUARANTEE_SvhPcOfY1YgcbG0,5c7361c7ff1f93711e4ae9b1,5c514d81d30c532c446947ff,PRIVATE_BRAND,MONTHLY_FIXED,AVAILABLE,"",KRW,5000000.00,0.00,,5000000.00,2022-11-30 15:00:00,2022-11-30 15:00:00,,0.00,,,,,2023-01-31 02:30:44,2023-01-31 02:30:44
1982,GUARANTEE_EjTxGi2U7xUVI2I,5c73663b33cd1d1a3c830d92,5c514d81d30c532c44694765,PRIVATE_BRAND,MONTHLY_FIXED,AVAILABLE,"",KRW,1000000.00,0.00,,1000000.00,2022-11-30 15:00:00,2022-11-30 15:00:00,,0.00,,,,,2023-01-31 02:30:44,2023-01-31 02:30:44
1983,GUARANTEE_4CwsWS1UjBkrK0e,5c735efd33cd1d1a3c830d72,5c514d81d30c532c44694752,PRIVATE_BRAND,MONTHLY_FIXED,AVAILABLE,"",KRW,1500000.00,0.00,,1500000.00,2022-11-30 15:00:00,2022-11-30 15:00:00,,0.00,,,,,2023-01-31 02:30:44,2023-01-31 02:30:44
1984,GUARANTEE_F4hX1HBMXn2G84Z,5c735dfcff1f93711e4ae9a4,5c514d81d30c532c44694795,PRIVATE_BRAND,MONTHLY_FIXED,AVAILABLE,"",KRW,1000000.00,0.00,,1000000.00,2022-11-30 15:00:00,2022-11-30 15:00:00,,0.00,,,,,2023-01-31 02:30:44,2023-01-31 02:30:44
1985,GUARANTEE_yKZBQClWKnb3pAX,5c6fb9bdff1f93711e4ae6a3,5c514d81d30c532c44694796,PRIVATE_BRAND,MONTHLY_FIXED,AVAILABLE,"",KRW,1500000.00,0.00,,1500000.00,2022-11-30 15:00:00,2022-11-30 15:00:00,,0.00,,,,,2023-01-31 02:30:45,2023-01-31 02:30:45
1986,GUARANTEE_Pz9SMelN0NjeY57,5c6fb73333cd1d1a3c830a6a,5c514d80d30c532c44694699,PRIVATE_BRAND,MONTHLY_FIXED,AVAILABLE,"",KRW,1000000.00,0.00,,1000000.00,2022-11-30 15:00:00,2022-11-30 15:00:00,,0.00,,,,,2023-01-31 02:30:45,2023-01-31 02:30:45
1987,GUARANTEE_RtG8B7Ltg3mPaT6,5c6fb83333cd1d1a3c830a76,5c514d81d30c532c446947dd,PRIVATE_BRAND,MONTHLY_FIXED,AVAILABLE,"",KRW,1500000.00,0.00,,1500000.00,2022-11-30 15:00:00,2022-11-30 15:00:00,,0.00,,,,,2023-01-31 02:30:45,2023-01-31 02:30:45
1988,GUARANTEE_zpHXaalJ3vebI5v,5c6f8ae6a801e637b662eaa9,5c514d81d30c532c446947d5,PRIVATE_BRAND,MONTHLY_FIXED,AVAILABLE,"",KRW,1400000.00,0.00,,1400000.00,2022-11-30 15:00:00,2022-11-30 15:00:00,,0.00,,,,,2023-01-31 02:30:45,2023-01-31 02:30:45
1989,GUARANTEE_igkm1XW0ln0QFxy,5c6f8d31a801e637b662eab4,5c6f91cf74eabcfdafa1e383,PRIVATE_BRAND,MONTHLY_FIXED,AVAILABLE,"",KRW,7000000.00,0.00,,7000000.00,2022-11-30 15:00:00,2022-11-30 15:00:00,,0.00,,,,,2023-01-31 02:30:46,2023-01-31 02:30:46
1990,GUARANTEE_6sF0dHevkJJhErl,5c6f8954a801e637b662ea9c,5c6f91cf74eabcfdafa1e3b4,PRIVATE_BRAND,MONTHLY_FIXED,AVAILABLE,"",KRW,2000000.00,0.00,,2000000.00,2022-11-30 15:00:00,2022-11-30 15:00:00,,0.00,,,,,2023-01-31 02:30:46,2023-01-31 02:30:46
1991,GUARANTEE_5kubRAvKOKxjXwW,5ca4717b3fbbf20c8ee2f001,5c91bf142ff0ef122cb726ec,PRIVATE_BRAND,MONTHLY_FIXED,AVAILABLE,"",KRW,1000000.00,0.00,,1000000.00,2022-11-30 15:00:00,2022-11-30 15:00:00,,0.00,,,,,2023-01-31 02:30:46,2023-01-31 02:30:46
1992,GUARANTEE_MDuzctC7AuBffwj,5cf516d5d53f04750d8d4e7a,5c9b61f89eff0eeadbe4182e,KLASS_CREATOR,MONTHLY_FIXED,AVAILABLE,"",KRW,3700000.00,0.00,,3700000.00,2022-11-30 15:00:00,2022-11-30 15:00:00,,0.00,,,,,2023-01-31 02:30:47,2023-01-31 02:30:47
1993,GUARANTEE_VvBC3COI80mwAtf,5cf516d5d53f04750d8d4e7a,5c9b61f89eff0eeadbe4182e,PRIVATE_BRAND,MONTHLY_FIXED,AVAILABLE,"",KRW,1000000.00,0.00,,1000000.00,2022-11-30 15:00:00,2022-11-30 15:00:00,,0.00,,,,,2023-01-31 02:30:47,2023-01-31 02:30:47
1994,GUARANTEE_KmV8BSnEIyFj2SF,5d4bf562b631d16750135c55,5d3458cc125d26d5fb209165,KLASS_CREATOR,MONTHLY_FIXED,AVAILABLE,"",KRW,5000000.00,0.00,,5000000.00,2022-11-30 15:00:00,2022-11-30 15:00:00,,0.00,,,,,2023-01-31 02:30:47,2023-01-31 02:30:47
1995,GUARANTEE_br9UTosAIARVmQa,5d4bf562b631d16750135c55,5d3458cc125d26d5fb209165,PRIVATE_BRAND,MONTHLY_FIXED,AVAILABLE,"",KRW,3000000.00,0.00,,3000000.00,2022-11-30 15:00:00,2022-11-30 15:00:00,,0.00,,,,,2023-01-31 02:30:47,2023-01-31 02:30:47
1996,GUARANTEE_8IVoowwcM3Oy3dc,5d68bcd93bc17a0c6669d461,5d1d7c20fd2c83e2ee0ae737,PRIVATE_BRAND,MONTHLY_FIXED,AVAILABLE,"",KRW,3000000.00,0.00,,3000000.00,2022-11-30 15:00:00,2022-11-30 15:00:00,,0.00,,,,,2023-01-31 02:30:48,2023-01-31 02:30:48
1997,GUARANTEE_Iy4lhGOH8qmxjQR,5d64ccb263f2570c0b460750,5d0b3a236a3bd1095630cee7,PRIVATE_BRAND,MONTHLY_FIXED,AVAILABLE,"",KRW,1000000.00,0.00,,1000000.00,2022-11-30 15:00:00,2022-11-30 15:00:00,,0.00,,,,,2023-01-31 02:30:48,2023-01-31 02:30:48
1998,GUARANTEE_FpIzvNiYD6G2grb,5d663726fb5bf60c25a87674,5d5d5792ed1e35c91f330551,PRIVATE_BRAND,MONTHLY_FIXED,AVAILABLE,"",KRW,692055.00,0.00,,692055.00,2022-11-30 15:00:00,2022-11-30 15:00:00,,0.00,,,,,2023-01-31 02:30:48,2023-01-31 02:30:48
1999,GUARANTEE_HAowV3k5Tp7mvlN,5dca674008dbcc0d71327d88,5da99888469b2d0d0a957bcf,KLASS_CREATOR,MONTHLY_FIXED,AVAILABLE,"",KRW,3000000.00,0.00,,3000000.00,2022-11-30 15:00:00,2022-11-30 15:00:00,,0.00,,,,,2023-01-31 02:30:49,2023-01-31 02:30:49
2000,GUARANTEE_Dql0DmsbNgoH6N9,5dca674008dbcc0d71327d88,5da99888469b2d0d0a957bcf,PRIVATE_BRAND,MONTHLY_FIXED,AVAILABLE,"",KRW,2000000.00,0.00,,2000000.00,2022-11-30 15:00:00,2022-11-30 15:00:00,,0.00,,,,,2023-01-31 02:30:49,2023-01-31 02:30:49
2001,GUARANTEE_7kXUg8rxXZXjQF5,5de8bc2ea8be92605a81a035,5da866310dffa80d8fd1cd71,PRIVATE_BRAND,MONTHLY_FIXED,AVAILABLE,"",KRW,1000000.00,0.00,,1000000.00,2022-11-30 15:00:00,2022-11-30 15:00:00,,0.00,,,,,2023-01-31 02:30:49,2023-01-31 02:30:49
2002,GUARANTEE_T3VlGgqCqQIpDR7,5de92e1b8bbd560e8c187320,5d70f8511c67c42e5a2daaf7,PRIVATE_BRAND,MONTHLY_FIXED,AVAILABLE,"",KRW,2000000.00,0.00,,2000000.00,2022-11-30 15:00:00,2022-11-30 15:00:00,,0.00,,,,,2023-01-31 02:30:49,2023-01-31 02:30:49
2003,GUARANTEE_u5L65G084UwnFTB,5e2005d547fdaa217b378dab,5e09a927ff98506e89ff2407,PRIVATE_BRAND,MONTHLY_FIXED,AVAILABLE,"",KRW,20000000.00,0.00,,20000000.00,2022-11-30 15:00:00,2022-11-30 15:00:00,,0.00,,,,,2023-01-31 02:30:50,2023-01-31 02:30:50
2004,GUARANTEE_AO9xbGingR2YQYa,5e3029d854bee76d9a26f54e,5e16cff229f5380dde339802,PRIVATE_BRAND,MONTHLY_FIXED,AVAILABLE,"",KRW,52500000.00,0.00,,52500000.00,2022-11-30 15:00:00,2022-11-30 15:00:00,,0.00,,,,,2023-01-31 02:30:50,2023-01-31 02:30:50
2005,GUARANTEE_VgxpLyjp8fpYaP3,5e3029d854bee76d9a26f54e,5e16cff229f5380dde339802,SUBSCRIPTION_CREATOR,MONTHLY_FIXED,AVAILABLE,"",KRW,20000000.00,0.00,,20000000.00,2022-11-30 15:00:00,2022-11-30 15:00:00,,0.00,,,,,2023-01-31 02:30:50,2023-01-31 02:30:50
2006,GUARANTEE_ZHrPBt5GznDV0U3,5e61e6ad6bbb241a1c449412,5e5a13fbbb36780dd43d9132,PRIVATE_BRAND,MONTHLY_FIXED,AVAILABLE,"",KRW,3000000.00,0.00,,3000000.00,2022-11-30 15:00:00,2022-11-30 15:00:00,,0.00,,,,,2023-01-31 02:30:51,2023-01-31 02:30:51
2007,GUARANTEE_lKDE3AOGvP9zua8,5e4a50d70bd1fa4e0303f1c9,5e28213ed5e39b104e144913,PRIVATE_BRAND,MONTHLY_FIXED,AVAILABLE,"",KRW,30000000.00,0.00,,30000000.00,2022-11-30 15:00:00,2022-11-30 15:00:00,,0.00,,,,,2023-01-31 02:30:51,2023-01-31 02:30:51
2008,GUARANTEE_t8GbHiBceHa1E27,5e05c6f1094cc3742eb8770a,5dfb93c63e66f55039003d74,PRIVATE_BRAND,MONTHLY_FIXED,AVAILABLE,"",KRW,1000000.00,0.00,,1000000.00,2022-11-30 15:00:00,2022-11-30 15:00:00,,0.00,,,,,2023-01-31 02:30:51,2023-01-31 02:30:51
2009,GUARANTEE_P8kA666NylZp0n5,5e438d9c6235e93754c895c9,5e1bb1883491042e6e247fe4,PRIVATE_BRAND,MONTHLY_FIXED,AVAILABLE,"",KRW,1500000.00,0.00,,1500000.00,2022-11-30 15:00:00,2022-11-30 15:00:00,,0.00,,,,,2023-01-31 02:30:51,2023-01-31 02:30:51
2010,GUARANTEE_ycZ26qCnrvfkWon,5e7c20e90793a503447c0b6e,5e78861ee64d506c86746da2,PRIVATE_BRAND,MONTHLY_FIXED,AVAILABLE,"",KRW,4000000.00,0.00,,4000000.00,2022-11-30 15:00:00,2022-11-30 15:00:00,,0.00,,,,,2023-01-31 02:30:52,2023-01-31 02:30:52
2011,GUARANTEE_NhZLFzPNvqFy0m1,5e6dcc11b1b1301a1952bc44,5e419ed901e12d0d9e7ceaec,PRIVATE_BRAND,MONTHLY_FIXED,AVAILABLE,"",KRW,2500000.00,0.00,,2500000.00,2022-11-30 15:00:00,2022-11-30 15:00:00,,0.00,,,,,2023-01-31 02:30:52,2023-01-31 02:30:52
2012,GUARANTEE_MGfCieXqNQi7EGP,5e9407a567dcae0de8ed1292,5e9554dca885900dc8af99b0,PRIVATE_BRAND,MONTHLY_FIXED,AVAILABLE,"",KRW,1500000.00,0.00,,1500000.00,2022-11-30 15:00:00,2022-11-30 15:00:00,,0.00,,,,,2023-01-31 02:30:52,2023-01-31 02:30:52
2013,GUARANTEE_4TievUA97ib7M0F,5e9025e5a0b0bf0da2785294,5e852ef082a30f0da5339eaf,PRIVATE_BRAND,MONTHLY_FIXED,AVAILABLE,"",KRW,2500000.00,0.00,,2500000.00,2022-11-30 15:00:00,2022-11-30 15:00:00,,0.00,,,,,2023-01-31 02:30:53,2023-01-31 02:30:53
2014,GUARANTEE_d6WpZXSrRuETFnP,5ea7b8ee0a9f5a0db740b59d,5e8566b84afbbf0d9f20860d,PRIVATE_BRAND,MONTHLY_FIXED,AVAILABLE,"",KRW,2000000.00,0.00,,2000000.00,2022-11-30 15:00:00,2022-11-30 15:00:00,,0.00,,,,,2023-01-31 02:30:53,2023-01-31 02:30:53
2015,GUARANTEE_PD0P9BTXnucwLL5,5f3de29589c0740014cb94a4,5f17a6caece01311ceb1152c,PRIVATE_BRAND,MONTHLY_FIXED,AVAILABLE,"",KRW,7500000.00,0.00,,7500000.00,2022-11-30 15:00:00,2022-11-30 15:00:00,,0.00,,,,,2023-01-31 02:30:53,2023-01-31 02:30:53
2016,GUARANTEE_RjzQciG25v9u70r,5ff80487fd7cda00149c8a80,5f1e57219277c90013a79607,PRIVATE_BRAND,MONTHLY_FIXED,AVAILABLE,"",KRW,1000000.00,0.00,,1000000.00,2022-11-30 15:00:00,2022-11-30 15:00:00,,0.00,,,,,2023-01-31 02:30:53,2023-01-31 02:30:53
2017,GUARANTEE_y4a13h3L8BdPNlt,611633553066eb000d5aae7b,6108dff679b1a30015673ac8,PRIVATE_BRAND,MONTHLY_FIXED,AVAILABLE,"",KRW,2500000.00,0.00,,2500000.00,2022-11-30 15:00:00,2022-11-30 15:00:00,,0.00,,,,,2023-01-31 02:30:54,2023-01-31 02:30:54
2018,GUARANTEE_rHotLWVQ1t68me9,614be8d391728800140b025d,61209ff5089b68000dc6aa39,PRIVATE_BRAND,MONTHLY_FIXED,AVAILABLE,"",KRW,100000000.00,0.00,,100000000.00,2022-11-30 15:00:00,2022-11-30 15:00:00,,0.00,,,,,2023-01-31 02:30:54,2023-01-31 02:30:54
2019,GUARANTEE_qmOLYIz9j96E1AP,61fbadd9585ba8000ddf228e,61ded96819693000148972fb,PRIVATE_BRAND,MONTHLY_FIXED,AVAILABLE,"",KRW,4000000.00,0.00,,4000000.00,2022-11-30 15:00:00,2022-11-30 15:00:00,,0.00,,,,,2023-01-31 02:30:54,2023-01-31 02:30:54
2020,GUARANTEE_X39uyomat9rokdD,61fb869de3b293000d523956,61e8e33587441100156a64d5,PRIVATE_BRAND,MONTHLY_FIXED,AVAILABLE,"",KRW,10000000.00,0.00,,10000000.00,2022-11-30 15:00:00,2022-11-30 15:00:00,,0.00,,,,,2023-01-31 02:30:54,2023-01-31 02:30:54
2021,GUARANTEE_gmeGbRiezsbiiHK,621491977a3bc000143ee1b6,620a1545429ef2000ed37062,PRIVATE_BRAND,MONTHLY_FIXED,AVAILABLE,"",KRW,4000000.00,0.00,,4000000.00,2022-11-30 15:00:00,2022-11-30 15:00:00,,0.00,,,,,2023-01-31 02:30:55,2023-01-31 02:30:55
2022,GUARANTEE_DGYHw2mbFLnhjH8,62171af22cdf38000ef12da9,620b3d9518ec59000dd4fa76,PRIVATE_BRAND,MONTHLY_FIXED,AVAILABLE,"",KRW,7000000.00,0.00,,7000000.00,2022-11-30 15:00:00,2022-11-30 15:00:00,,0.00,,,,,2023-01-31 02:30:55,2023-01-31 02:30:55
2023,GUARANTEE_luR0dqe3MV9OymP,61fb984a158971000dff1189,5db4034e556ca119063d90ce,PRIVATE_BRAND,MONTHLY_FIXED,AVAILABLE,"",KRW,2000000.00,0.00,,2000000.00,2022-11-30 15:00:00,2022-11-30 15:00:00,,0.00,,,,,2023-01-31 02:30:56,2023-01-31 02:30:56
2024,GUARANTEE_3qVLqaZ4mMCSuA3,6236ebc4e8fe80000d264eeb,6231b5300aab74000d4042cd,PRIVATE_BRAND,MONTHLY_FIXED,AVAILABLE,"",KRW,2500000.00,0.00,,2500000.00,2022-11-30 15:00:00,2022-11-30 15:00:00,,0.00,,,,,2023-01-31 02:30:56,2023-01-31 02:30:56
2025,GUARANTEE_a8LBRRUz8adbBun,6236ec37b19f0b000d9eeccd,6236bce8fb5f22000d40fd67,PRIVATE_BRAND,MONTHLY_FIXED,AVAILABLE,"",KRW,2500000.00,0.00,,2500000.00,2022-11-30 15:00:00,2022-11-30 15:00:00,,0.00,,,,,2023-01-31 02:30:57,2023-01-31 02:30:57
2026,GUARANTEE_KP558nEZLuKbeK9,6236ec21b19f0b000d9eeaf5,6236e3c327dd0a001335d998,PRIVATE_BRAND,MONTHLY_FIXED,AVAILABLE,"",KRW,2500000.00,0.00,,2500000.00,2022-11-30 15:00:00,2022-11-30 15:00:00,,0.00,,,,,2023-01-31 02:30:57,2023-01-31 02:30:57
2027,GUARANTEE_hJeM5yZMfSJGQg7,625cca33472e720015ca6b98,620ced981ce86a00140247c6,PRIVATE_BRAND,MONTHLY_FIXED,AVAILABLE,"",KRW,3000000.00,0.00,,3000000.00,2022-11-30 15:00:00,2022-11-30 15:00:00,,0.00,,,,,2023-01-31 02:30:57,2023-01-31 02:30:57
2028,GUARANTEE_cVAinJVh5IE41JC,626b8cd516da100015079ad9,61c0551bb434980013d8e854,PRIVATE_BRAND,MONTHLY_FIXED,AVAILABLE,"",KRW,2000000.00,0.00,,2000000.00,2022-11-30 15:00:00,2022-11-30 15:00:00,,0.00,,,,,2023-01-31 02:30:58,2023-01-31 02:30:58
2029,GUARANTEE_iq4hQD04fUc4YGL,62173c3f03df04000d21b6f0,620b6db0a587ba00144796b6,PRIVATE_BRAND,MONTHLY_FIXED,AVAILABLE,"",KRW,2000000.00,0.00,,2000000.00,2022-11-30 15:00:00,2022-11-30 15:00:00,,0.00,,,,,2023-01-31 02:30:58,2023-01-31 02:30:58
2030,GUARANTEE_4mVLvfCBSQTlnwK,6242c90da2bdee000e5e37ed,622ffaae13f93d000deb52df,PRIVATE_BRAND,MONTHLY_FIXED,AVAILABLE,"",KRW,2000000.00,0.00,,2000000.00,2022-11-30 15:00:00,2022-11-30 15:00:00,,0.00,,,,,2023-01-31 02:30:58,2023-01-31 02:30:58
2031,GUARANTEE_YIMoDHwMjzBoghn,628ecac3003464001551fcf2,626f6fea7be967000fbb6d01,PRIVATE_BRAND,MONTHLY_FIXED,AVAILABLE,"",KRW,15000000.00,0.00,,15000000.00,2022-11-30 15:00:00,2022-11-30 15:00:00,,0.00,,,,,2023-01-31 02:30:58,2023-01-31 02:30:58
2032,GUARANTEE_BPmU8pkcv50DGqU,6279d22e7397a800151d3fe5,6253bbed28d43b000ee75569,PRIVATE_BRAND,MONTHLY_FIXED,AVAILABLE,"",KRW,20000000.00,0.00,,20000000.00,2022-11-30 15:00:00,2022-11-30 15:00:00,,0.00,,,,,2023-01-31 02:30:59,2023-01-31 02:30:59
2033,GUARANTEE_B6v8Lhb8CkcAH7c,6279cd0128eea60016aeecc2,6257fc5fad579000406b0daf,PRIVATE_BRAND,MONTHLY_FIXED,AVAILABLE,"",KRW,20000000.00,0.00,,20000000.00,2022-11-30 15:00:00,2022-11-30 15:00:00,,0.00,,,,,2023-01-31 02:30:59,2023-01-31 02:30:59
2034,GUARANTEE_EIK3XYOYQVkWL4i,62cf9a006a09f8000e92d7cc,62909a0d30f5cc000e3f1f55,PRIVATE_BRAND,MONTHLY_FIXED,AVAILABLE,"",KRW,1500000.00,0.00,,1500000.00,2022-11-30 15:00:00,2022-11-30 15:00:00,,0.00,,,,,2023-01-31 02:30:59,2023-01-31 02:30:59
2035,GUARANTEE_FdU0VmJsSNaXfIr,62bd04ebc6a056001578a656,627a0452170ce6000e46aacf,PRIVATE_BRAND,MONTHLY_FIXED,AVAILABLE,"",KRW,13000000.00,0.00,,13000000.00,2022-11-30 15:00:00,2022-11-30 15:00:00,,0.00,,,,,2023-01-31 02:31:00,2023-01-31 02:31:00
2036,GUARANTEE_qg28YJpHpRvH8w1,62d8a0fd3c992d006047e6b2,6269094cae06ba001550a070,PRIVATE_BRAND,MONTHLY_FIXED,AVAILABLE,"",KRW,2000000.00,0.00,,2000000.00,2022-11-30 15:00:00,2022-11-30 15:00:00,,0.00,,,,,2023-01-31 02:31:00,2023-01-31 02:31:00
2037,GUARANTEE_rQr6vNtHicL1hLU,62b3c10785a66500156d316a,626f72a3ad04610016ffd6ac,PRIVATE_BRAND,MONTHLY_FIXED,AVAILABLE,"",KRW,2600000.00,0.00,,2600000.00,2022-11-30 15:00:00,2022-11-30 15:00:00,,0.00,,,,,2023-01-31 02:31:00,2023-01-31 02:31:00
2038,GUARANTEE_iUDwkZS86sba18f,62b3bf2bd7042f000fede9ee,6290aa239982d6000e4778b2,PRIVATE_BRAND,MONTHLY_FIXED,AVAILABLE,"",KRW,2000000.00,0.00,,2000000.00,2022-11-30 15:00:00,2022-11-30 15:00:00,,0.00,,,,,2023-01-31 02:31:00,2023-01-31 02:31:00
2039,GUARANTEE_bPY6L0OJDkCI7sf,62a054df0fd496000e54f407,629f26ba72758f000e08af58,PRIVATE_BRAND,MONTHLY_FIXED,AVAILABLE,"",KRW,2600000.00,0.00,,2600000.00,2022-11-30 15:00:00,2022-11-30 15:00:00,,0.00,,,,,2023-01-31 02:31:01,2023-01-31 02:31:01
2040,GUARANTEE_xqf6YjZyTvYjTjb,634755ceb34af70015192453,62ea505fef9df100159b79a0,PRIVATE_BRAND,MONTHLY_FIXED,AVAILABLE,"",KRW,8000000.00,0.00,,8000000.00,2022-11-30 15:00:00,2022-11-30 15:00:00,,0.00,,,,,2023-01-31 02:31:01,2023-01-31 02:31:01
2041,GUARANTEE_mQX9TBW2DICRGfG,63460de6f2a9c90015b60fb1,62cfbeae193a20000eb0d99e,PRIVATE_BRAND,MONTHLY_FIXED,AVAILABLE,"",KRW,1600000.00,0.00,,1600000.00,2022-11-30 15:00:00,2022-11-30 15:00:00,,0.00,,,,,2023-01-31 02:31:01,2023-01-31 02:31:01
2042,GUARANTEE_YboVup1gGZfbZTF,634f4f28ec098e000e69b0ef,62df9bec3c42910016aad747,PRIVATE_BRAND,MONTHLY_FIXED,AVAILABLE,"",KRW,6000000.00,0.00,,6000000.00,2022-11-30 15:00:00,2022-11-30 15:00:00,,0.00,,,,,2023-01-31 02:31:01,2023-01-31 02:31:01
2043,GUARANTEE_FBi0stRjKcaIXTC,63578b2b5698980015338f18,62ec74c0018d46000e26367b,PRIVATE_BRAND,MONTHLY_FIXED,AVAILABLE,"",KRW,7000000.00,0.00,,7000000.00,2022-11-30 15:00:00,2022-11-30 15:00:00,,0.00,,,,,2023-01-31 02:31:02,2023-01-31 02:31:02
2044,GUARANTEE_UxESJEZleqWKU8T,635f62913e1445000fc25b4a,62fdee3e56ae4a000e075560,PRIVATE_BRAND,MONTHLY_FIXED,AVAILABLE,"",KRW,6000000.00,0.00,,6000000.00,2022-11-30 15:00:00,2022-11-30 15:00:00,,0.00,,,,,2023-01-31 02:31:02,2023-01-31 02:31:02
2045,GUARANTEE_U7MUdfLS32DAkNs,635f61a311e30a000ed891c5,62f61228aecfb20015aca601,PRIVATE_BRAND,MONTHLY_FIXED,AVAILABLE,"",KRW,1000000.00,0.00,,1000000.00,2022-11-30 15:00:00,2022-11-30 15:00:00,,0.00,,,,,2023-01-31 02:31:02,2023-01-31 02:31:02
2046,GUARANTEE_vMrKiyJiuFSRI5D,635f63ed437a690015169822,62eb7c8b2ce41d0015722e1f,PRIVATE_BRAND,MONTHLY_FIXED,AVAILABLE,"",KRW,4500000.00,0.00,,4500000.00,2022-11-30 15:00:00,2022-11-30 15:00:00,,0.00,,,,,2023-01-31 02:31:03,2023-01-31 02:31:03
2047,GUARANTEE_pKq9PQQEJ2lrOrg,632c3767e8ad460015bfaeb7,62d4b3169be4e900158d2e48,PRIVATE_BRAND,MONTHLY_FIXED,AVAILABLE,"",KRW,100000000.00,0.00,,100000000.00,2022-11-30 15:00:00,2022-11-30 15:00:00,,0.00,,,,,2023-01-31 02:31:03,2023-01-31 02:31:03
2048,GUARANTEE_Ce48LGsDUxjNZw1,635f611b4028cf000e500747,622ad65852700a00130f5195,PRIVATE_BRAND,MONTHLY_FIXED,AVAILABLE,"",KRW,2400000.00,0.00,,2400000.00,2022-11-30 15:00:00,2022-11-30 15:00:00,,0.00,,,,,2023-01-31 02:31:03,2023-01-31 02:31:03
2049,GUARANTEE_oFII4h8o0ZxpUAf,639bbe63e79cc5000fa6b8b8,63203dcbcc93660015674f0a,PRIVATE_BRAND,MONTHLY_FIXED,AVAILABLE,"",KRW,2400000.00,0.00,,2400000.00,2022-11-30 15:00:00,2022-11-30 15:00:00,,0.00,,,,,2023-01-31 02:31:03,2023-01-31 02:31:03
2050,GUARANTEE_SiKxKXgxEUWak9y,63a3b26c585c6c000ec77af8,63a1416c9ca07d001586d7f3,PRIVATE_BRAND,MONTHLY_FIXED,AVAILABLE,"",KRW,40000000.00,0.00,,40000000.00,2022-12-31 15:00:00,2022-12-31 15:00:00,,0.00,,,,,2023-01-31 02:31:04,2023-01-31 02:31:04
2051,GUARANTEE_hTRDOKi9UqQngbN,639c14a0243a5900154318c5,6107db61e4b6e0000de62938,PRIVATE_BRAND,MONTHLY_FIXED,AVAILABLE,"",KRW,1500000.00,0.00,,1500000.00,2022-12-31 15:00:00,2022-12-31 15:00:00,,0.00,,,,,2023-01-31 02:31:04,2023-01-31 02:31:04
2052,GUARANTEE_L2sajywQRGLL4AU,63a13c4a88839a0015ca011a,63463ec865c9d3000e4ecc20,PRIVATE_BRAND,MONTHLY_FIXED,AVAILABLE,"",KRW,4000000.00,0.00,,4000000.00,2022-12-31 15:00:00,2022-12-31 15:00:00,,0.00,,,,,2023-01-31 02:31:04,2023-01-31 02:31:04
2053,GUARANTEE_GtqHqmxnPjTfSSS,5cf5088681c2d22b32ff2e58,5c8659fb35b52893ceb4059c,PRIVATE_BRAND,MONTHLY_FIXED,AVAILABLE,"",KRW,5000000.00,0.00,,5000000.00,2022-12-31 15:00:00,2022-12-31 15:00:00,,0.00,,,,,2023-01-31 02:31:05,2023-01-31 02:31:05
2054,GUARANTEE_V4ZrZHSmHqAwJTA,63bc5dade768920015d6a0d8,6322967b2e6640000e23fee9,PRIVATE_BRAND,MONTHLY_FIXED,AVAILABLE,"",KRW,5000000.00,0.00,,5000000.00,2022-12-31 15:00:00,2022-12-31 15:00:00,,0.00,,,,,2023-01-31 02:31:05,2023-01-31 02:31:05
2055,GUARANTEE_u06QyR3ydPpTzID,5c73607933cd1d1a3c830d77,5c514d81d30c532c44694775,PRIVATE_BRAND,MONTHLY_FIXED,AVAILABLE,"",KRW,1000000.00,0.00,,1000000.00,2022-11-30 15:00:00,2022-11-30 15:00:00,,0.00,,,,,2023-01-31 02:31:05,2023-01-31 02:31:05
2056,GUARANTEE_MYR4gKdtk38Oo0o,5cdc0e2e30d9900d235e9de0,5cc7f4c96ffb2020db440811,PRIVATE_BRAND,MONTHLY_FIXED,AVAILABLE,"",KRW,5301930.00,0.00,,5301930.00,2022-11-30 15:00:00,2022-11-30 15:00:00,,0.00,,,,,2023-01-31 02:31:05,2023-01-31 02:31:05
2057,GUARANTEE_vV4N28oAPWYMkjM,5cfe26772f5fc80d1b970ccf,5d0adb8a6a3bd109565b584e,PRIVATE_BRAND,MONTHLY_FIXED,AVAILABLE,"",KRW,2608377.00,0.00,,2608377.00,2022-11-30 15:00:00,2022-11-30 15:00:00,,0.00,,,,,2023-01-31 02:31:06,2023-01-31 02:31:06
2058,GUARANTEE_zRqttaEwC8DjKdi,5d392bd388c2f60c29912206,5d392c67125d26d5fb8f9b95,PRIVATE_BRAND,MONTHLY_FIXED,AVAILABLE,"",KRW,2824124.00,0.00,,2824124.00,2022-11-30 15:00:00,2022-11-30 15:00:00,,0.00,,,,,2023-01-31 02:31:06,2023-01-31 02:31:06
2059,GUARANTEE_aWehP5Jl4VCrwwT,5d5cdabad3cfe00c25c33d5b,5d5cd31b09184c3a2cc592ec,PRIVATE_BRAND,MONTHLY_FIXED,AVAILABLE,"",KRW,2763383.00,0.00,,2763383.00,2022-11-30 15:00:00,2022-11-30 15:00:00,,0.00,,,,,2023-01-31 02:31:06,2023-01-31 02:31:06
2060,GUARANTEE_kQB1rAJAD1Lp66g,5e4cd23dadfc4e191d15dcc1,5e4d5a2f12c9d05444ee3d1d,PRIVATE_BRAND,MONTHLY_FIXED,AVAILABLE,"",KRW,30000000.00,0.00,,30000000.00,2022-11-30 15:00:00,2022-11-30 15:00:00,,0.00,,,,,2023-01-31 02:31:07,2023-01-31 02:31:07
2061,GUARANTEE_3OU8hB1x0sLxvGU,5cde40027edba406a95d4d13,5cb03204cb2728ebe91c9856,KLASS_CREATOR,MONTHLY_FIXED,AVAILABLE,"",KRW,5000000.00,3738000.00,,5000000.00,2022-11-30 15:00:00,2022-11-30 15:00:00,,,2022-12-31 15:00:00,,,,2023-01-31 02:31:07,2023-01-31 02:31:07
2062,GUARANTEE_6HQCrAa28rT88g3,5ecdfa35616acb397b72982c,5e84740d486a170dc4cc5ddb,KLASS_CREATOR,MONTHLY_FIXED,AVAILABLE,"",KRW,3000000.00,935000.00,,3000000.00,2022-11-30 15:00:00,2022-11-30 15:00:00,,,2022-12-31 15:00:00,,,,2023-01-31 02:31:07,2023-01-31 02:31:07
2063,GUARANTEE_kwJiEvL8tji3Cb5,5d1777ef59e3e00d3f98ce04,5ca84cf46008dd782a00ab17,KLASS_CREATOR,MONTHLY_FIXED,AVAILABLE,"",KRW,11550000.00,9207261.00,,11550000.00,2022-11-30 15:00:00,2022-11-30 15:00:00,,,2022-12-31 15:00:00,,,,2023-01-31 02:31:07,2023-01-31 02:31:07
2064,GUARANTEE_Pckohusygt4uvhh,5ce7ab3772680c0d087005c0,5cb97154cb2728ebe9a0aecc,KLASS_CREATOR,MONTHLY_FIXED,AVAILABLE,"",KRW,5000000.00,1843276.00,,5000000.00,2022-11-30 15:00:00,2022-11-30 15:00:00,,,2022-12-31 15:00:00,,,,2023-01-31 02:31:08,2023-01-31 02:31:08
2065,GUARANTEE_ZLrwrRwP195tBFZ,5d08e82caa589524618d002c,5cac649ccb2728ebe9c66581,KLASS_CREATOR,MONTHLY_FIXED,AVAILABLE,"",KRW,3000000.00,1492564.00,,3000000.00,2022-11-30 15:00:00,2022-11-30 15:00:00,,,2022-12-31 15:00:00,,,,2023-01-31 02:31:08,2023-01-31 02:31:08
2066,GUARANTEE_aS2s9V7Ac9g0g7i,5cef940dd7814a07dd7b1f5c,5cbebc6fbf084b057ddf4d97,KLASS_CREATOR,MONTHLY_FIXED,AVAILABLE,"",KRW,6000000.00,2746257.00,,6000000.00,2022-11-30 15:00:00,2022-11-30 15:00:00,,,2022-12-31 15:00:00,,,,2023-01-31 02:31:08,2023-01-31 02:31:08
2067,GUARANTEE_cBNATILuMeXRKKW,5cf4a385d9c2cc750c9acb7f,5ccacb426ffb2020db2db1e1,KLASS_CREATOR,MONTHLY_FIXED,AVAILABLE,"",KRW,5000000.00,3627000.00,,5000000.00,2022-11-30 15:00:00,2022-11-30 15:00:00,,,2022-12-31 15:00:00,,,,2023-01-31 02:31:09,2023-01-31 02:31:09
2068,GUARANTEE_6ZAAhHT4jRltbnu,5d1035d9d3628e05977f5dac,5cffcc47f48520f37c4b4d2f,KLASS_CREATOR,MONTHLY_FIXED,AVAILABLE,"",KRW,5000000.00,1346551.00,,5000000.00,2022-11-30 15:00:00,2022-11-30 15:00:00,,,2022-12-31 15:00:00,,,,2023-01-31 02:31:09,2023-01-31 02:31:09
2069,GUARANTEE_ShIwSyyhnTHdQ0l,5d3f17c6581899597b56e543,5d244269abe479eb883cdb0d,KLASS_CREATOR,MONTHLY_FIXED,AVAILABLE,"",KRW,3000000.00,197544.00,,3000000.00,2022-11-30 15:00:00,2022-11-30 15:00:00,,,2022-12-31 15:00:00,,,,2023-01-31 02:31:09,2023-01-31 02:31:09
2070,GUARANTEE_KFD8iviooWf8jOX,5ddcb76886681a12878b7f26,5daf051e488d980d6a6f1364,KLASS_CREATOR,MONTHLY_FIXED,AVAILABLE,"",KRW,3000000.00,1770476.00,,3000000.00,2022-11-30 15:00:00,2022-11-30 15:00:00,,,2022-12-31 15:00:00,,,,2023-01-31 02:31:09,2023-01-31 02:31:09
2071,GUARANTEE_iSGOHYLatmcW5o5,5df325de141f8109ccc256f5,5dda4bd89a6cec6e6162a63b,KLASS_CREATOR,MONTHLY_FIXED,AVAILABLE,"",KRW,5000000.00,3799994.00,,5000000.00,2022-11-30 15:00:00,2022-11-30 15:00:00,,,2022-12-31 15:00:00,,,,2023-01-31 02:31:10,2023-01-31 02:31:10
2072,GUARANTEE_fLBWaLY8uvFeNgv,5e7c875fcc3b35378bc088ef,5e4ce915cece7318270d2ab8,KLASS_CREATOR,MONTHLY_FIXED,AVAILABLE,"",KRW,3839334.00,2385049.00,,3839334.00,2022-11-30 15:00:00,2022-11-30 15:00:00,,,2022-12-31 15:00:00,,,,2023-01-31 02:31:10,2023-01-31 02:31:10
2073,GUARANTEE_daqBuSXfy2tjgCS,5ec47c64e148fa68726dea31,5e8451ecd8d70d0f2a47a1fa,KLASS_CREATOR,MONTHLY_FIXED,AVAILABLE,"",KRW,3000000.00,660000.00,,3000000.00,2022-11-30 15:00:00,2022-11-30 15:00:00,,,2022-12-31 15:00:00,,,,2023-01-31 02:31:10,2023-01-31 02:31:10
2074,GUARANTEE_PfR6MAkY3ecAtOx,5ec3fa8ed2afa60dd6f40e6d,5ea63dde1104590d763317a0,KLASS_CREATOR,MONTHLY_FIXED,AVAILABLE,"",KRW,3000000.00,2255000.00,,3000000.00,2022-11-30 15:00:00,2022-11-30 15:00:00,,,2022-12-31 15:00:00,,,,2023-01-31 02:31:11,2023-01-31 02:31:11
2075,GUARANTEE_hzEwn7favzFehjA,5ed84a985b21916d3432a2f2,5ea2737b39fb1b1f2e551c53,KLASS_CREATOR,MONTHLY_FIXED,AVAILABLE,"",KRW,5000000.00,727500.00,,5000000.00,2022-11-30 15:00:00,2022-11-30 15:00:00,,,2022-12-31 15:00:00,,,,2023-01-31 02:31:11,2023-01-31 02:31:11
2076,GUARANTEE_e1acDuhk14M5KLY,5eead4553848fd4b00a7bf42,5e9921c57f65284b125f0600,KLASS_CREATOR,MONTHLY_FIXED,AVAILABLE,"",KRW,3000000.00,2424443.00,,3000000.00,2022-11-30 15:00:00,2022-11-30 15:00:00,,,2022-12-31 15:00:00,,,,2023-01-31 02:31:11,2023-01-31 02:31:11
2077,GUARANTEE_P6IzAA3DIfM72N3,5f0d743fc607c80dabb9b5d8,5ed7cfec3561c56666144893,KLASS_CREATOR,MONTHLY_FIXED,AVAILABLE,"",KRW,10000000.00,6700203.00,,10000000.00,2022-11-30 15:00:00,2022-11-30 15:00:00,,,2022-12-31 15:00:00,,,,2023-01-31 02:31:11,2023-01-31 02:31:11
2078,GUARANTEE_vv3FauyrzebUGJM,5f191e1bf21af022258e25f0,5ec3e06e1dcedd0dafa47ee5,KLASS_CREATOR,MONTHLY_FIXED,AVAILABLE,"",KRW,3000000.00,2860000.00,,3000000.00,2022-11-30 15:00:00,2022-11-30 15:00:00,,,2022-12-31 15:00:00,,,,2023-01-31 02:31:12,2023-01-31 02:31:12
2079,GUARANTEE_0jfigaEl22VBxOE,5f583fbdaebc8f00147d2707,5f1b6891911bdc0022dc3d92,KLASS_CREATOR,MONTHLY_FIXED,AVAILABLE,"",KRW,3000000.00,1150000.00,,3000000.00,2022-11-30 15:00:00,2022-11-30 15:00:00,,,2022-12-31 15:00:00,,,,2023-01-31 02:31:12,2023-01-31 02:31:12
2080,GUARANTEE_J8JXVAWiWVU8Xpm,5f3fa20a91ca2e0016bc3315,5f17ea2bbb71810e233d91f8,KLASS_CREATOR,MONTHLY_FIXED,AVAILABLE,"",KRW,3000000.00,2160000.00,,3000000.00,2022-11-30 15:00:00,2022-11-30 15:00:00,,,2022-12-31 15:00:00,,,,2023-01-31 02:31:12,2023-01-31 02:31:12
2081,GUARANTEE_ZTerS228ltZ6UVj,5f6aeee8fb529a00069f89cc,5f50a068c361de0015f25b9d,KLASS_CREATOR,MONTHLY_FIXED,AVAILABLE,"",KRW,3000000.00,1840000.00,,3000000.00,2022-11-30 15:00:00,2022-11-30 15:00:00,,,2022-12-31 15:00:00,,,,2023-01-31 02:31:13,2023-01-31 02:31:13
2082,GUARANTEE_bbVeezVlZtgsPIg,5fa4ee3a907dfd00132651b8,5f50f3dd859b55001af86f34,KLASS_CREATOR,MONTHLY_FIXED,AVAILABLE,"",KRW,6000000.00,2460104.00,,6000000.00,2022-11-30 15:00:00,2022-11-30 15:00:00,,,2022-12-31 15:00:00,,,,2023-01-31 02:31:13,2023-01-31 02:31:13
2083,GUARANTEE_VZfJiDnqVMCw1Zw,5f978820f1e05b000e923cb3,5f6a015e4b15f000063bf7f6,KLASS_CREATOR,MONTHLY_FIXED,AVAILABLE,"",KRW,3000000.00,1815000.00,,3000000.00,2022-11-30 15:00:00,2022-11-30 15:00:00,,,2022-12-31 15:00:00,,,,2023-01-31 02:31:13,2023-01-31 02:31:13
2084,GUARANTEE_NcNueVYVjmKL7Wo,6010c6ebe465ca000dedded6,5fdde6455728ba0014541066,KLASS_CREATOR,MONTHLY_FIXED,AVAILABLE,"",KRW,4000000.00,3150000.00,,4000000.00,2022-11-30 15:00:00,2022-11-30 15:00:00,,,2022-12-31 15:00:00,,,,2023-01-31 02:31:13,2023-01-31 02:31:13
2085,GUARANTEE_fxAR8QW72HebZWc,602be875530049000db4fce4,5fbd0d24a5ecb6001382231e,KLASS_CREATOR,MONTHLY_FIXED,AVAILABLE,"",KRW,3000000.00,2810000.00,,3000000.00,2022-11-30 15:00:00,2022-11-30 15:00:00,,,2022-12-31 15:00:00,,,,2023-01-31 02:31:14,2023-01-31 02:31:14
2086,GUARANTEE_Jo3bdJL2ohhuHj8,606350ceca2617000ed26b87,60544fc1a75ff4000d9f3ec2,KLASS_CREATOR,MONTHLY_FIXED,AVAILABLE,"",KRW,3000000.00,2980000.00,,3000000.00,2022-11-30 15:00:00,2022-11-30 15:00:00,,,2022-12-31 15:00:00,,,,2023-01-31 02:31:14,2023-01-31 02:31:14
2087,GUARANTEE_oe7V7agxyjGqpqU,60897bec0332af000e303fb7,5ef472f5fc8aa5ffa6e4a0e1,KLASS_CREATOR,MONTHLY_FIXED,AVAILABLE,"",KRW,10000000.00,9385730.00,,10000000.00,2022-11-30 15:00:00,2022-11-30 15:00:00,,,2022-12-31 15:00:00,,,,2023-01-31 02:31:14,2023-01-31 02:31:14
2088,GUARANTEE_bZJUFfB6QqaiMIi,60afa48a75e6f40025108aad,60a9db069579bb001573900d,KLASS_CREATOR,MONTHLY_FIXED,AVAILABLE,"",KRW,6000000.00,5724685.00,,6000000.00,2022-11-30 15:00:00,2022-11-30 15:00:00,,,2022-12-31 15:00:00,,,,2023-01-31 02:31:14,2023-01-31 02:31:14
2089,GUARANTEE_9Nwctn9vDTj7WrJ,6100dffd317ab0000d1b5979,60db1c4b7e7e0b000d71ca33,KLASS_CREATOR,MONTHLY_FIXED,AVAILABLE,"",KRW,20000000.00,20100000.00,,20000000.00,2022-11-30 15:00:00,2022-11-30 15:00:00,,,2022-12-31 15:00:00,,,,2023-01-31 02:31:15,2023-01-31 02:31:15
2090,GUARANTEE_cHHO2L483Z4xtkA,613062c01de41100148d2e8b,61017a2a488668000d7eab0d,KLASS_CREATOR,MONTHLY_FIXED,AVAILABLE,"",KRW,20000000.00,6030918.00,,20000000.00,2022-11-30 15:00:00,2022-11-30 15:00:00,,,2022-12-31 15:00:00,,,,2023-01-31 02:31:15,2023-01-31 02:31:15
2091,GUARANTEE_1dM3KRNkAftAM2u,6257d647be03250016783c63,61fbcde76e3623000d80a44b,KLASS_CREATOR,MONTHLY_FIXED,AVAILABLE,"",KRW,3000000.00,2930000.00,,3000000.00,2022-11-30 15:00:00,2022-11-30 15:00:00,,,2022-12-31 15:00:00,,,,2023-01-31 02:31:15,2023-01-31 02:31:15
2092,GUARANTEE_yXc6mhIo9qdeb6Y,62df72341d8f9100155ac8fa,62b9645160b2af01083ad20f,KLASS_CREATOR,MONTHLY_FIXED,AVAILABLE,"",KRW,1250000.00,298119.00,,1250000.00,2022-11-30 15:00:00,2022-11-30 15:00:00,,,2022-12-31 15:00:00,,,,2023-01-31 02:31:16,2023-01-31 02:31:16
2093,GUARANTEE_7uPklHDJKaUBgKx,62df737dae7f1b001539eba0,62b99e2a2f47dc001677a5d3,KLASS_CREATOR,MONTHLY_FIXED,AVAILABLE,"",KRW,1250000.00,930349.00,,1250000.00,2022-11-30 15:00:00,2022-11-30 15:00:00,,,2022-12-31 15:00:00,,,,2023-01-31 02:31:16,2023-01-31 02:31:16
2094,GUARANTEE_1xMXLYf2nxeacHH,62df74b3ccae25000ed5a51a,62b99df5f470a1000ff7756b,KLASS_CREATOR,MONTHLY_FIXED,AVAILABLE,"",KRW,1250000.00,196404.00,,1250000.00,2022-11-30 15:00:00,2022-11-30 15:00:00,,,2022-12-31 15:00:00,,,,2023-01-31 02:31:16,2023-01-31 02:31:16
2095,GUARANTEE_22e8TZnSRtkqW5l,62df76a0ff43630015d16456,62b9adc454f5600015e32d4e,KLASS_CREATOR,MONTHLY_FIXED,AVAILABLE,"",KRW,1250000.00,150947.00,,1250000.00,2022-11-30 15:00:00,2022-11-30 15:00:00,,,2022-12-31 15:00:00,,,,2023-01-31 02:31:16,2023-01-31 02:31:16
2096,GUARANTEE_yiqVrAPrMZ8Euq2,626a4d2cb1b5240016b0b261,6258d604fa669b0016213431,KLASS_CREATOR,MONTHLY_FIXED,AVAILABLE,"",KRW,30000000.00,28499950.00,,30000000.00,2022-11-30 15:00:00,2022-11-30 15:00:00,,0.00,,,,,2023-01-31 02:31:17,2023-01-31 02:31:17
2097,GUARANTEE_v7RAxxuPhjf29Ii,5d08934521a0d81305a861ad,5c6f91d074eabcfdafa1e44a,KLASS_CREATOR,MONTHLY_FIXED,AVAILABLE,"",KRW,132469.00,0.00,,132469.00,2022-11-30 15:00:00,2022-11-30 15:00:00,,0.00,,,,,2023-01-31 02:31:17,2023-01-31 02:31:17
2098,GUARANTEE_EpvedodvGW77Ioo,5d0bc36d18dcbf0cf620414e,5c988fec2ff0ef122c0ce0d7,KLASS_CREATOR,MONTHLY_FIXED,AVAILABLE,"",KRW,380000.00,0.00,,380000.00,2022-11-30 15:00:00,2022-11-30 15:00:00,,0.00,,,,,2023-01-31 02:31:17,2023-01-31 02:31:17
2099,GUARANTEE_XsGLvyO4cGSFok5,5d0e04e839e38f05f440ad82,5cad9f52cb2728ebe97c6068,KLASS_CREATOR,MONTHLY_FIXED,AVAILABLE,"",KRW,1640000.00,0.00,,1640000.00,2022-11-30 15:00:00,2022-11-30 15:00:00,,0.00,,,,,2023-01-31 02:31:18,2023-01-31 02:31:18
2100,GUARANTEE_ApuFa3ru0KzvCwJ,5d0df272b7a8b5058ff9c50c,5c99f27b2ff0ef122cc4973c,KLASS_CREATOR,MONTHLY_FIXED,AVAILABLE,"",KRW,1800000.00,0.00,,1800000.00,2022-11-30 15:00:00,2022-11-30 15:00:00,,0.00,,,,,2023-01-31 02:31:18,2023-01-31 02:31:18
2101,GUARANTEE_UzHxOzpMgJMc1CT,5d0dfb054400a70cbeee9f7b,5ca6fd226008dd782a5a8bf7,KLASS_CREATOR,MONTHLY_FIXED,AVAILABLE,"",KRW,3400000.00,0.00,,3400000.00,2022-11-30 15:00:00,2022-11-30 15:00:00,,0.00,,,,,2023-01-31 02:31:18,2023-01-31 02:31:18
2102,GUARANTEE_VHSmK7KcyDxUUnN,5cdc2dc1c098a30d19bb6c2d,5cb3f917cb2728ebe9245fec,KLASS_CREATOR,MONTHLY_FIXED,AVAILABLE,"",KRW,3720000.00,0.00,,3720000.00,2022-11-30 15:00:00,2022-11-30 15:00:00,,0.00,,,,,2023-01-31 02:31:18,2023-01-31 02:31:18
2103,GUARANTEE_nJIrbrrJCDJphNF,5d08df756800d80d3b153276,5cb82b73cb2728ebe9f0f7f4,KLASS_CREATOR,MONTHLY_FIXED,AVAILABLE,"",KRW,700000.00,0.00,,700000.00,2022-11-30 15:00:00,2022-11-30 15:00:00,,0.00,,,,,2023-01-31 02:31:19,2023-01-31 02:31:19
2104,GUARANTEE_FxctmBf7ND4e7ji,5d08eb3977cdd10d1d2aa08f,5cb348a4cb2728ebe9cda160,KLASS_CREATOR,MONTHLY_FIXED,AVAILABLE,"",KRW,2140000.00,0.00,,2140000.00,2022-11-30 15:00:00,2022-11-30 15:00:00,,0.00,,,,,2023-01-31 02:31:19,2023-01-31 02:31:19
2105,GUARANTEE_sNBJsMCdnujFzlP,5d08e391ddabf127bce71aa1,5c97782e2ff0ef122c9935a4,KLASS_CREATOR,MONTHLY_FIXED,AVAILABLE,"",KRW,2940000.00,0.00,,2940000.00,2022-11-30 15:00:00,2022-11-30 15:00:00,,0.00,,,,,2023-01-31 02:31:19,2023-01-31 02:31:19
2106,GUARANTEE_WhP10SL6A1NfXcj,5d0e0042b144930596040254,5cbdab82cb2728ebe9d5466d,KLASS_CREATOR,MONTHLY_FIXED,AVAILABLE,"",KRW,5000000.00,0.00,,5000000.00,2022-11-30 15:00:00,2022-11-30 15:00:00,,0.00,,,,,2023-01-31 02:31:20,2023-01-31 02:31:20
2107,GUARANTEE_vIETLXUzyOaaPrD,5cdc23c1ad93990d216e46f4,5cab3a796008dd782aa2cbd9,KLASS_CREATOR,MONTHLY_FIXED,AVAILABLE,"",KRW,3000000.00,0.00,,3000000.00,2022-11-30 15:00:00,2022-11-30 15:00:00,,0.00,,,,,2023-01-31 02:31:20,2023-01-31 02:31:20
2108,GUARANTEE_Oq2fah1ZsmvfaSV,5ce651e13a414b0cfa74f418,5cc7d1e0f52217b9b0757fd5,KLASS_CREATOR,MONTHLY_FIXED,AVAILABLE,"",KRW,5000000.00,0.00,,5000000.00,2022-11-30 15:00:00,2022-11-30 15:00:00,,0.00,,,,,2023-01-31 02:31:20,2023-01-31 02:31:20
2109,GUARANTEE_QLp3sJKSl9QQtTH,5ce6421311361c5da262f0bd,5cbd5436cb2728ebe9a34738,KLASS_CREATOR,MONTHLY_FIXED,AVAILABLE,"",KRW,3000000.00,0.00,,3000000.00,2022-11-30 15:00:00,2022-11-30 15:00:00,,0.00,,,,,2023-01-31 02:31:20,2023-01-31 02:31:20
2110,GUARANTEE_punwE2ehHsdpJDT,5cf26a80ae503a0d093a6e88,5cc139aa2cac7d06116a210c,KLASS_CREATOR,MONTHLY_FIXED,AVAILABLE,"",KRW,5000000.00,0.00,,5000000.00,2022-11-30 15:00:00,2022-11-30 15:00:00,,0.00,,,,,2023-01-31 02:31:21,2023-01-31 02:31:21
2111,GUARANTEE_uMUIDKZbhmrBDgQ,5d00a79995b1300cb13ae9a7,5cc66c43f52217b9b0ae3f72,KLASS_CREATOR,MONTHLY_FIXED,AVAILABLE,"",KRW,3000000.00,0.00,,3000000.00,2022-11-30 15:00:00,2022-11-30 15:00:00,,0.00,,,,,2023-01-31 02:31:21,2023-01-31 02:31:21
2112,GUARANTEE_HjkHCxmoa6RiR8Y,5cf60a2ad88bae122e2114f9,5cc197ae2cac7d0611a3ade7,KLASS_CREATOR,MONTHLY_FIXED,AVAILABLE,"",KRW,5000000.00,0.00,,5000000.00,2022-11-30 15:00:00,2022-11-30 15:00:00,,0.00,,,,,2023-01-31 02:31:21,2023-01-31 02:31:21
2113,GUARANTEE_Tec7wglo4WZ3EhJ,5cf50a5520d06112282705c1,5cd2bd9880f6734ace22d00a,KLASS_CREATOR,MONTHLY_FIXED,AVAILABLE,"",KRW,10000000.00,0.00,,10000000.00,2022-11-30 15:00:00,2022-11-30 15:00:00,,0.00,,,,,2023-01-31 02:31:22,2023-01-31 02:31:22
2114,GUARANTEE_UwKO5KeSWKUAzfl,5cee7790795e03458d61a1f5,5ca1c1db6008dd782a92c050,KLASS_CREATOR,MONTHLY_FIXED,AVAILABLE,"",KRW,5000000.00,0.00,,5000000.00,2022-11-30 15:00:00,2022-11-30 15:00:00,,0.00,,,,,2023-01-31 02:31:22,2023-01-31 02:31:22
2115,GUARANTEE_lWx5RkaAhRBGfAf,5d09e454e075380ca6977a25,5ca376496008dd782a8c835b,KLASS_CREATOR,MONTHLY_FIXED,AVAILABLE,"",KRW,5000000.00,0.00,,5000000.00,2022-11-30 15:00:00,2022-11-30 15:00:00,,0.00,,,,,2023-01-31 02:31:22,2023-01-31 02:31:22
2116,GUARANTEE_ORgSDuGiAUvNIEM,5cfa0aeb54dc9e19998be4c3,5cca82646ffb2020dbe97414,KLASS_CREATOR,MONTHLY_FIXED,AVAILABLE,"",KRW,5000000.00,0.00,,5000000.00,2022-11-30 15:00:00,2022-11-30 15:00:00,,0.00,,,,,2023-01-31 02:31:22,2023-01-31 02:31:22
2117,GUARANTEE_kOcmvI1ohVSDPIv,5d0c815b62a83c0d4ae8ecbb,5ce2352f80f6734aceffd484,KLASS_CREATOR,MONTHLY_FIXED,AVAILABLE,"",KRW,3000000.00,0.00,,3000000.00,2022-11-30 15:00:00,2022-11-30 15:00:00,,0.00,,,,,2023-01-31 02:31:23,2023-01-31 02:31:23
2118,GUARANTEE_uTnwgDI3xqqlIQl,5d11dc602111205f8e744d5b,5d025526f48520f37cf29c13,KLASS_CREATOR,MONTHLY_FIXED,AVAILABLE,"",KRW,4967942.00,0.00,,4967942.00,2022-11-30 15:00:00,2022-11-30 15:00:00,,0.00,,,,,2023-01-31 02:31:23,2023-01-31 02:31:23
2119,GUARANTEE_PMwhO04hdrh76Pj,5d23093baa9f9d0cdaa7f7d5,5d010707f48520f37c67c37c,KLASS_CREATOR,MONTHLY_FIXED,AVAILABLE,"",KRW,5000000.00,0.00,,5000000.00,2022-11-30 15:00:00,2022-11-30 15:00:00,,0.00,,,,,2023-01-31 02:31:23,2023-01-31 02:31:23
2120,GUARANTEE_wxjhQwTr3T0ifpy,5d1f2c4b0267613ad7a5dfcc,5d0894be6a3bd10956b29d2d,KLASS_CREATOR,MONTHLY_FIXED,AVAILABLE,"",KRW,3000000.00,0.00,,3000000.00,2022-11-30 15:00:00,2022-11-30 15:00:00,,0.00,,,,,2023-01-31 02:31:23,2023-01-31 02:31:23
2121,GUARANTEE_QjFOPE8BI0dl1Fe,5d244e95bb72b844f9b0ce7a,5ccef28580f6734ace0069f3,KLASS_CREATOR,MONTHLY_FIXED,AVAILABLE,"",KRW,3000000.00,0.00,,3000000.00,2022-11-30 15:00:00,2022-11-30 15:00:00,,0.00,,,,,2023-01-31 02:31:24,2023-01-31 02:31:24
2122,GUARANTEE_R9RA4GKIJfFxNbr,5d1f25bfac6d80095b72e279,5cf85db9f48520f37ca6e84a,KLASS_CREATOR,MONTHLY_FIXED,AVAILABLE,"",KRW,3000000.00,0.00,,3000000.00,2022-11-30 15:00:00,2022-11-30 15:00:00,,0.00,,,,,2023-01-31 02:31:24,2023-01-31 02:31:24
2123,GUARANTEE_swPjjYR83VC9b22,5d27f74a4be5f857528e3cf3,5d0db8e16a3bd10956470a4a,KLASS_CREATOR,MONTHLY_FIXED,AVAILABLE,"",KRW,3000000.00,0.00,,3000000.00,2022-11-30 15:00:00,2022-11-30 15:00:00,,0.00,,,,,2023-01-31 02:31:24,2023-01-31 02:31:24
2124,GUARANTEE_ncGCaumhQ4OMRAK,5d303e7a5017850b9c0e6658,5cc28abf2cac7d06110e83cc,KLASS_CREATOR,MONTHLY_FIXED,AVAILABLE,"",KRW,5000000.00,0.00,,5000000.00,2022-11-30 15:00:00,2022-11-30 15:00:00,,0.00,,,,,2023-01-31 02:31:25,2023-01-31 02:31:25
2125,GUARANTEE_9WraBBCQrewAG0c,5d36cd691bef8b1d570c7584,5d0c9ca86a3bd1095627173c,KLASS_CREATOR,MONTHLY_FIXED,AVAILABLE,"",KRW,3000000.00,0.00,,3000000.00,2022-11-30 15:00:00,2022-11-30 15:00:00,,0.00,,,,,2023-01-31 02:31:25,2023-01-31 02:31:25
2126,GUARANTEE_IdR3UoJo5aBsDQc,5d4047695066d0398faa2a6b,5cda91d380f6734ace3cbc3f,KLASS_CREATOR,MONTHLY_FIXED,AVAILABLE,"",KRW,5000000.00,0.00,,5000000.00,2022-11-30 15:00:00,2022-11-30 15:00:00,,0.00,,,,,2023-01-31 02:31:25,2023-01-31 02:31:25
2127,GUARANTEE_MdB6ZJmiqaBlrBp,5d43b43baf38170ca2b75b2a,5d146ca4fd2c83e2ee4037f0,KLASS_CREATOR,MONTHLY_FIXED,AVAILABLE,"",KRW,3000000.00,0.00,,3000000.00,2022-11-30 15:00:00,2022-11-30 15:00:00,,0.00,,,,,2023-01-31 02:31:25,2023-01-31 02:31:25
2128,GUARANTEE_dZbKc2WAJPDFIPo,5d5268f1e4e78b0c154b6787,5d2593d5abe479eb884906b1,KLASS_CREATOR,MONTHLY_FIXED,AVAILABLE,"",KRW,2000000.00,0.00,,2000000.00,2022-11-30 15:00:00,2022-11-30 15:00:00,,0.00,,,,,2023-01-31 02:31:26,2023-01-31 02:31:26
2129,GUARANTEE_JBa9mJZkwjCtjP5,5d526580479bd60c307d7d67,5d37e615125d26d5fbb56db3,KLASS_CREATOR,MONTHLY_FIXED,AVAILABLE,"",KRW,5000000.00,0.00,,5000000.00,2022-11-30 15:00:00,2022-11-30 15:00:00,,0.00,,,,,2023-01-31 02:31:26,2023-01-31 02:31:26
2130,GUARANTEE_MEBft4NWj8EJYit,5d3f172e2641d00cccf988ef,5d0745ca6a3bd10956fa3791,KLASS_CREATOR,MONTHLY_FIXED,AVAILABLE,"",KRW,5000000.00,0.00,,5000000.00,2022-11-30 15:00:00,2022-11-30 15:00:00,,0.00,,,,,2023-01-31 02:31:26,2023-01-31 02:31:26
2131,GUARANTEE_kHQofDSjUUx8xPe,5d65f8ae0103cc0c83e5d07f,5d303a0f125d26d5fb3656d8,KLASS_CREATOR,MONTHLY_FIXED,AVAILABLE,"",KRW,5000000.00,0.00,,5000000.00,2022-11-30 15:00:00,2022-11-30 15:00:00,,0.00,,,,,2023-01-31 02:31:27,2023-01-31 02:31:27
2132,GUARANTEE_zNwxDfars3NfUnE,5d4d37aed6a7780c84b76302,5d1826ddfd2c83e2eed24545,KLASS_CREATOR,MONTHLY_FIXED,AVAILABLE,"",KRW,5000000.00,0.00,,5000000.00,2022-11-30 15:00:00,2022-11-30 15:00:00,,0.00,,,,,2023-01-31 02:31:27,2023-01-31 02:31:27
2133,GUARANTEE_UrdRXP7t3IQ4AO2,5d4bc3febbb2c90caf0d605a,5d22d743abe479eb88e41ba0,KLASS_CREATOR,MONTHLY_FIXED,AVAILABLE,"",KRW,5000000.00,0.00,,5000000.00,2022-11-30 15:00:00,2022-11-30 15:00:00,,0.00,,,,,2023-01-31 02:31:27,2023-01-31 02:31:27
2134,GUARANTEE_vVwtHxyOA7IXHuN,5d68eb1cfd982c0c64bf2f8f,5d35678b125d26d5fb90d662,KLASS_CREATOR,MONTHLY_FIXED,AVAILABLE,"",KRW,5000000.00,0.00,,5000000.00,2022-11-30 15:00:00,2022-11-30 15:00:00,,0.00,,,,,2023-01-31 02:31:27,2023-01-31 02:31:27
2135,GUARANTEE_ZC1ePZccnjmkCOJ,5d6cf0fbac0d8071b3108894,5ce403a880f6734aceb98ae5,KLASS_CREATOR,MONTHLY_FIXED,AVAILABLE,"",KRW,3000000.00,0.00,,3000000.00,2022-11-30 15:00:00,2022-11-30 15:00:00,,0.00,,,,,2023-01-31 02:31:28,2023-01-31 02:31:28
2136,GUARANTEE_9US576ztUk9pI2f,5d6f51a2c355810c6a78caed,5d3dc7341ccbe2de167e3d83,KLASS_CREATOR,MONTHLY_FIXED,AVAILABLE,"",KRW,3000000.00,0.00,,3000000.00,2022-11-30 15:00:00,2022-11-30 15:00:00,,0.00,,,,,2023-01-31 02:31:28,2023-01-31 02:31:28
2137,GUARANTEE_tMRnb6luD2d1t2I,5d6cc56b6e5a4d0c0feeb98e,5d30c6ef125d26d5fb60ea80,KLASS_CREATOR,MONTHLY_FIXED,AVAILABLE,"",KRW,3000000.00,0.00,,3000000.00,2022-11-30 15:00:00,2022-11-30 15:00:00,,0.00,,,,,2023-01-31 02:31:28,2023-01-31 02:31:28
2138,GUARANTEE_4schtWo5HWrUPgY,5d78b6d4f62fd60caeed26ec,5d4bcb41e6ec6f454f37e7c4,KLASS_CREATOR,MONTHLY_FIXED,AVAILABLE,"",KRW,3000000.00,0.00,,3000000.00,2022-11-30 15:00:00,2022-11-30 15:00:00,,0.00,,,,,2023-01-31 02:31:28,2023-01-31 02:31:28
2139,GUARANTEE_PrxobeQHyRBHEoh,5d80657bf45251748a2574ac,5d4bdd4be6ec6f454fe1e592,KLASS_CREATOR,MONTHLY_FIXED,AVAILABLE,"",KRW,3000000.00,0.00,,3000000.00,2022-11-30 15:00:00,2022-11-30 15:00:00,,0.00,,,,,2023-01-31 02:31:29,2023-01-31 02:31:29
2140,GUARANTEE_AxEpdgrkILT5mfP,5d96b5278013ca6665805f45,5d4a2526e6ec6f454f271149,KLASS_CREATOR,MONTHLY_FIXED,AVAILABLE,"",KRW,3000000.00,0.00,,3000000.00,2022-11-30 15:00:00,2022-11-30 15:00:00,,0.00,,,,,2023-01-31 02:31:29,2023-01-31 02:31:29
2141,GUARANTEE_lNmAALVDTD36rmk,5d919afa04b1ce0c46fddea6,5d897c1348dbe90c9b7bdd10,KLASS_CREATOR,MONTHLY_FIXED,AVAILABLE,"",KRW,3000000.00,0.00,,3000000.00,2022-11-30 15:00:00,2022-11-30 15:00:00,,0.00,,,,,2023-01-31 02:31:29,2023-01-31 02:31:29
2142,GUARANTEE_TFEIAYVqRHy0JyI,5d9b184252625f0cfbe58707,5d90a086f19a690cf3dbfd85,KLASS_CREATOR,MONTHLY_FIXED,AVAILABLE,"",KRW,3000000.00,0.00,,3000000.00,2022-11-30 15:00:00,2022-11-30 15:00:00,,0.00,,,,,2023-01-31 02:31:31,2023-01-31 02:31:31
2143,GUARANTEE_FfX5P1ixeNfj2kC,5dc3ddab32d39c747f2267d0,5dad16494be34a0cefa7c010,KLASS_CREATOR,MONTHLY_FIXED,AVAILABLE,"",KRW,3000000.00,0.00,,3000000.00,2022-11-30 15:00:00,2022-11-30 15:00:00,,0.00,,,,,2023-01-31 02:31:31,2023-01-31 02:31:31
2144,GUARANTEE_47gVZIBnYur0rAZ,5dd78325171e6c0434188c3c,5d8ca3202e5bed311f092adc,KLASS_CREATOR,MONTHLY_FIXED,AVAILABLE,"",KRW,2000000.00,0.00,,2000000.00,2022-11-30 15:00:00,2022-11-30 15:00:00,,0.00,,,,,2023-01-31 02:31:32,2023-01-31 02:31:32
2145,GUARANTEE_3SP9avW3Su0Q0Zi,5dd677bee085e90d96fc146f,5d6f667d8a4c6a05e3d93312,KLASS_CREATOR,MONTHLY_FIXED,AVAILABLE,"",KRW,3000000.00,0.00,,3000000.00,2022-11-30 15:00:00,2022-11-30 15:00:00,,0.00,,,,,2023-01-31 02:31:32,2023-01-31 02:31:32
2146,GUARANTEE_ORIrz5Qsocb4O66,5dd4d9168e24bb0d8820aece,5d77304b116bc95ce056947a,KLASS_CREATOR,MONTHLY_FIXED,AVAILABLE,"",KRW,2000000.00,0.00,,2000000.00,2022-11-30 15:00:00,2022-11-30 15:00:00,,0.00,,,,,2023-01-31 02:31:32,2023-01-31 02:31:32
2147,GUARANTEE_FY46RrEdegMQTjB,5df0691440139e0db6c0d390,5d70f84e1c67c42e5a2da877,KLASS_CREATOR,MONTHLY_FIXED,AVAILABLE,"",KRW,2000000.00,0.00,,2000000.00,2022-11-30 15:00:00,2022-11-30 15:00:00,,0.00,,,,,2023-01-31 02:31:33,2023-01-31 02:31:33
2148,GUARANTEE_NB3G9TtNopIca1z,5e145ef128a3880daba66144,5e141960e512560d7b15f927,KLASS_CREATOR,MONTHLY_FIXED,AVAILABLE,"",KRW,5981881.00,0.00,,5981881.00,2022-11-30 15:00:00,2022-11-30 15:00:00,,0.00,,,,,2023-01-31 02:31:33,2023-01-31 02:31:33
2149,GUARANTEE_YKpJr0fMHk3iXxN,5e05b5b48de9660dc8387a4c,5de86c91c4bc7d0dabd7e217,KLASS_CREATOR,MONTHLY_FIXED,AVAILABLE,"",KRW,3000000.00,0.00,,3000000.00,2022-11-30 15:00:00,2022-11-30 15:00:00,,0.00,,,,,2023-01-31 02:31:33,2023-01-31 02:31:33
2150,GUARANTEE_FJMfdMV3keDvy8d,5d71b9a35e86337d73e61468,5e425ae4f6a13a0da7f96938,KLASS_CREATOR,MONTHLY_FIXED,AVAILABLE,"",KRW,2000000.00,0.00,,2000000.00,2022-11-30 15:00:00,2022-11-30 15:00:00,,0.00,,,,,2023-01-31 02:31:34,2023-01-31 02:31:34
2151,GUARANTEE_SCtyNBOTZpB8tlO,5e439af6c309dc41b6f859a3,5e33d22fe89f940e7f0c9dba,KLASS_CREATOR,MONTHLY_FIXED,AVAILABLE,"",KRW,3000000.00,0.00,,3000000.00,2022-11-30 15:00:00,2022-11-30 15:00:00,,0.00,,,,,2023-01-31 02:31:34,2023-01-31 02:31:34
2152,GUARANTEE_mgw7MfnZny1aZEI,5e667c3bf1be430d92cb37fb,5e6741fd19e7500db9f205d9,KLASS_CREATOR,MONTHLY_FIXED,AVAILABLE,"",KRW,27000000.00,0.00,,27000000.00,2022-11-30 15:00:00,2022-11-30 15:00:00,,0.00,,,,,2023-01-31 02:31:34,2023-01-31 02:31:34
2153,GUARANTEE_N1quHne1hsCPvMm,5e688b3cbaca830d8b100dfa,5e2628db5b8bed0dc2ad43ff,KLASS_CREATOR,MONTHLY_FIXED,AVAILABLE,"",KRW,4500000.00,0.00,,4500000.00,2022-11-30 15:00:00,2022-11-30 15:00:00,,0.00,,,,,2023-01-31 02:31:34,2023-01-31 02:31:34
2154,GUARANTEE_HCvbqYuJvPGoNh3,5ebd5bc59799984c08aea574,5e949beef6d9ef0ded22233c,KLASS_CREATOR,MONTHLY_FIXED,AVAILABLE,"",KRW,3000000.00,0.00,,3000000.00,2022-11-30 15:00:00,2022-11-30 15:00:00,,0.00,,,,,2023-01-31 02:31:35,2023-01-31 02:31:35
2155,GUARANTEE_jRRUVtI94rAPVPR,5ecdae86008687395a93415b,5e9d695e4ab7bc0da818f857,KLASS_CREATOR,MONTHLY_FIXED,AVAILABLE,"",KRW,3000000.00,0.00,,3000000.00,2022-11-30 15:00:00,2022-11-30 15:00:00,,0.00,,,,,2023-01-31 02:31:35,2023-01-31 02:31:35
2156,GUARANTEE_iFzAPQo9zebdYFo,5ef97f27b465462232bd821a,5ede29c7a4396b4c3c6b4841,KLASS_CREATOR,MONTHLY_FIXED,AVAILABLE,"",KRW,15000000.00,0.00,,15000000.00,2022-11-30 15:00:00,2022-11-30 15:00:00,,0.00,,,,,2023-01-31 02:31:35,2023-01-31 02:31:35
2157,GUARANTEE_9fGF7m9tfEI4JsK,5ee2ecd42746162250c3e622,5ea26f8a39fb1b1f2e53dd7b,KLASS_CREATOR,MONTHLY_FIXED,AVAILABLE,"",KRW,3000000.00,0.00,,3000000.00,2022-11-30 15:00:00,2022-11-30 15:00:00,,0.00,,,,,2023-01-31 02:31:36,2023-01-31 02:31:36
2158,GUARANTEE_gX4GQmnnRNEcBjl,5f3f4ca3209792002381df8d,5efad92757ef0e06e0506237,KLASS_CREATOR,MONTHLY_FIXED,AVAILABLE,"",KRW,2000000.00,0.00,,2000000.00,2022-11-30 15:00:00,2022-11-30 15:00:00,,0.00,,,,,2023-01-31 02:31:36,2023-01-31 02:31:36
2159,GUARANTEE_JN87mVQQAVHkwFG,5f715110aa28d00013c84b0c,5f1a8d8ae8b694000d962f28,KLASS_CREATOR,MONTHLY_FIXED,AVAILABLE,"",KRW,3000000.00,0.00,,3000000.00,2022-11-30 15:00:00,2022-11-30 15:00:00,,0.00,,,,,2023-01-31 02:31:37,2023-01-31 02:31:37
2160,GUARANTEE_zqinQb9haPmFekn,5f5b28814d826d000d9a3db0,5f2fff3eda50bd0014c6c9f7,KLASS_CREATOR,MONTHLY_FIXED,AVAILABLE,"",KRW,2000000.00,0.00,,2000000.00,2022-11-30 15:00:00,2022-11-30 15:00:00,,0.00,,,,,2023-01-31 02:31:37,2023-01-31 02:31:37
2161,GUARANTEE_BvG7VjYtUbk92zB,5f6aa99023dc2d0006a01945,5f45ef6006d9b9000c918472,KLASS_CREATOR,MONTHLY_FIXED,AVAILABLE,"",KRW,3000000.00,0.00,,3000000.00,2022-11-30 15:00:00,2022-11-30 15:00:00,,0.00,,,,,2023-01-31 02:31:38,2023-01-31 02:31:38
2162,GUARANTEE_fiIuRuwhtgKUxzg,5f9a7ba540e6ad001ce8f883,5f7c2ded24e40d000d4779e5,KLASS_CREATOR,MONTHLY_FIXED,AVAILABLE,"",KRW,4000000.00,0.00,,4000000.00,2022-11-30 15:00:00,2022-11-30 15:00:00,,0.00,,,,,2023-01-31 02:31:38,2023-01-31 02:31:38
2163,GUARANTEE_t5asmd6vIuJo3AM,5fc45afd22de92000de73e6b,5fadf985de0bd2000dd5f458,KLASS_CREATOR,MONTHLY_FIXED,AVAILABLE,"",KRW,10000000.00,0.00,,10000000.00,2022-11-30 15:00:00,2022-11-30 15:00:00,,0.00,,,,,2023-01-31 02:31:38,2023-01-31 02:31:38
2164,GUARANTEE_oghEvrAyRyOcx6U,5fc740cf0ed62a0013492b42,5f915546fa0e0300209cafa3,KLASS_CREATOR,MONTHLY_FIXED,AVAILABLE,"",KRW,3000000.00,0.00,,3000000.00,2022-11-30 15:00:00,2022-11-30 15:00:00,,0.00,,,,,2023-01-31 02:31:38,2023-01-31 02:31:38
2165,GUARANTEE_HsazYbDGajK5l14,5fc9bbff1663b1000e1a9db2,5f560ee4038e44000c4a2dab,KLASS_CREATOR,MONTHLY_FIXED,AVAILABLE,"",KRW,6000000.00,0.00,,6000000.00,2022-11-30 15:00:00,2022-11-30 15:00:00,,0.00,,,,,2023-01-31 02:31:39,2023-01-31 02:31:39
2166,GUARANTEE_mwSbK3hEfcYja8G,5fd8483cf9bb52000d425960,5fa3a18c5cefa9001322f496,KLASS_CREATOR,MONTHLY_FIXED,AVAILABLE,"",KRW,3000000.00,0.00,,3000000.00,2022-11-30 15:00:00,2022-11-30 15:00:00,,0.00,,,,,2023-01-31 02:31:39,2023-01-31 02:31:39
2167,GUARANTEE_r4CTkYZs2E5JT8q,5ffcf03459a438000dad2965,5f9ffc3b820da700131aa7c6,KLASS_CREATOR,MONTHLY_FIXED,AVAILABLE,"",KRW,3000000.00,0.00,,3000000.00,2022-11-30 15:00:00,2022-11-30 15:00:00,,0.00,,,,,2023-01-31 02:31:40,2023-01-31 02:31:40
2168,GUARANTEE_18FfdTK88bd1P25,600e94f446fd21000d91e3dc,5f9aa93246f7400013d28b6e,KLASS_CREATOR,MONTHLY_FIXED,AVAILABLE,"",KRW,5000000.00,0.00,,5000000.00,2022-11-30 15:00:00,2022-11-30 15:00:00,,0.00,,,,,2023-01-31 02:31:40,2023-01-31 02:31:40
2169,GUARANTEE_S1pVtaADPdUrMXm,60404c2b2772f3000edd0c5a,6005471999ffb3001411439e,KLASS_CREATOR,MONTHLY_FIXED,AVAILABLE,"",KRW,3000000.00,0.00,,3000000.00,2022-11-30 15:00:00,2022-11-30 15:00:00,,0.00,,,,,2023-01-31 02:31:40,2023-01-31 02:31:40
2170,GUARANTEE_TTLDlR9yXceImnJ,60640a5f80e93a0014c9e591,603bb88555e3fb0015d628f8,KLASS_CREATOR,MONTHLY_FIXED,AVAILABLE,"",KRW,3000000.00,0.00,,3000000.00,2022-11-30 15:00:00,2022-11-30 15:00:00,,0.00,,,,,2023-01-31 02:31:40,2023-01-31 02:31:40
2171,GUARANTEE_myQEtNC1yxqXm4A,60eff617b9ee12001434e131,60c80065de540b0014b84ce5,KLASS_CREATOR,MONTHLY_FIXED,AVAILABLE,"",KRW,3000000.00,0.00,,3000000.00,2022-11-30 15:00:00,2022-11-30 15:00:00,,0.00,,,,,2023-01-31 02:31:41,2023-01-31 02:31:41
2172,GUARANTEE_i3nynlXtsRUruYi,611ef761f6a045000d46ac99,61016922fcd8a9001503a6c5,KLASS_CREATOR,MONTHLY_FIXED,AVAILABLE,"",KRW,3000000.00,0.00,,3000000.00,2022-11-30 15:00:00,2022-11-30 15:00:00,,0.00,,,,,2023-01-31 02:31:41,2023-01-31 02:31:41
2173,GUARANTEE_90MOoV0OJ6vyCya,612331c5c96c33001402a8a2,60fe3b45cd56a4000da7172c,KLASS_CREATOR,MONTHLY_FIXED,AVAILABLE,"",KRW,50000000.00,0.00,,50000000.00,2022-11-30 15:00:00,2022-11-30 15:00:00,,0.00,,,,,2023-01-31 02:31:41,2023-01-31 02:31:41
2174,GUARANTEE_FJsQn00IaKdXCJy,61e7c38938c32f000d15cab1,61e62284957dad0014bcbddb,KLASS_CREATOR,MONTHLY_FIXED,AVAILABLE,"",KRW,20000000.00,0.00,,20000000.00,2022-11-30 15:00:00,2022-11-30 15:00:00,,0.00,,,,,2023-01-31 02:31:42,2023-01-31 02:31:42
2175,GUARANTEE_rm6qbhQmBiqSwsu,61cd304fe12235000d790e5e,61c40dc2372f24000dceb6aa,KLASS_CREATOR,MONTHLY_FIXED,AVAILABLE,"",KRW,10000000.00,0.00,,10000000.00,2022-11-30 15:00:00,2022-11-30 15:00:00,,0.00,,,,,2023-01-31 02:31:42,2023-01-31 02:31:42
2176,GUARANTEE_xmGKQJkwzQkCCbl,6243bfc07211e8003d956678,62313e9bafe915000dce6aa0,KLASS_CREATOR,MONTHLY_FIXED,AVAILABLE,"",KRW,30000000.00,0.00,,30000000.00,2022-11-30 15:00:00,2022-11-30 15:00:00,,0.00,,,,,2023-01-31 02:31:42,2023-01-31 02:31:42
2177,GUARANTEE_TzAk3SvW5EqjHFt,6315b05a2ee6a80015f0acce,62c3a82261b1ef0015778a83,KLASS_CREATOR,MONTHLY_FIXED,AVAILABLE,"",KRW,10000000.00,10000000.00,,10000000.00,2022-11-30 15:00:00,2022-11-30 15:00:00,,,2022-12-31 15:00:00,,,,2023-01-31 02:31:42,2023-01-31 02:31:42
2178,GUARANTEE_JDTo2lHHeYPlNgn,62d8e700f315c0000ea29d16,62d8e63c5711f70015817789,KLASS_CREATOR,MONTHLY_FIXED,AVAILABLE,"",KRW,5000000.00,5000000.00,,5000000.00,2022-11-30 15:00:00,2022-11-30 15:00:00,,,2022-12-31 15:00:00,,,,2023-01-31 02:31:43,2023-01-31 02:31:43
2179,GUARANTEE_7xRj8i58ZXZv1sv,6322b0a73ef73e000e24c696,62e380971889d9000efc59c9,KLASS_CREATOR,MONTHLY_FIXED,AVAILABLE,"",KRW,10000000.00,10000000.00,,10000000.00,2022-11-30 15:00:00,2022-11-30 15:00:00,,,2022-12-31 15:00:00,,,,2023-01-31 02:31:43,2023-01-31 02:31:43
2180,GUARANTEE_7m2DF9RGL7sX7vq,63202b18342cce0015a6dab5,62de1e72e7491c000ef02ea9,KLASS_CREATOR,MONTHLY_FIXED,AVAILABLE,"",KRW,3000000.00,3000000.00,,3000000.00,2022-11-30 15:00:00,2022-11-30 15:00:00,,,2022-12-31 15:00:00,,,,2023-01-31 02:31:43,2023-01-31 02:31:43
2181,GUARANTEE_MTtnyuWK6KVkuIy,62d8e4036cefa100157052c6,62d7c65ffc787c0015d9a13b,KLASS_CREATOR,MONTHLY_FIXED,AVAILABLE,"",KRW,20000000.00,20000000.00,,20000000.00,2022-11-30 15:00:00,2022-11-30 15:00:00,,,2022-12-31 15:00:00,,,,2023-01-31 02:31:44,2023-01-31 02:31:44
2182,GUARANTEE_IuS67HHcmtYmMF0,632402c3780811000e15ab0a,628646cd7fff4b000e3df253,KLASS_CREATOR,MONTHLY_FIXED,AVAILABLE,"",KRW,7000000.00,7000000.00,,7000000.00,2022-11-30 15:00:00,2022-11-30 15:00:00,,,2022-12-31 15:00:00,,,,2023-01-31 02:31:45,2023-01-31 02:31:45
2183,GUARANTEE_6p9jZPxnteEkpre,62d8e3ffaacd8700154106c5,62d7c66faf8fb300158d2616,KLASS_CREATOR,MONTHLY_FIXED,AVAILABLE,"",KRW,5000000.00,5000000.00,,5000000.00,2022-11-30 15:00:00,2022-11-30 15:00:00,,,2022-12-31 15:00:00,,,,2023-01-31 02:31:45,2023-01-31 02:31:45
2184,GUARANTEE_gESbH52c6MzUY1k,6317ef09702562006097e140,629428916e90d1000e205b1e,KLASS_CREATOR,MONTHLY_FIXED,AVAILABLE,"",KRW,8000000.00,8000000.00,,8000000.00,2022-11-30 15:00:00,2022-11-30 15:00:00,,,2023-03-31 15:00:00,,,,2023-01-31 02:31:45,2023-01-31 02:31:45
2185,GUARANTEE_g2hmwVTWilidIPM,6334eda212429f000e5fa07b,62e39d878799440015c63094,KLASS_CREATOR,MONTHLY_FIXED,AVAILABLE,"",KRW,3000000.00,3000000.00,,3000000.00,2022-11-30 15:00:00,2022-11-30 15:00:00,,,2022-12-31 15:00:00,,,,2023-01-31 02:31:46,2023-01-31 02:31:46
2186,GUARANTEE_YokQBpSQXvzNRdf,634fafb0d80abe000f33b65a,62d0d152145813000edc3363,KLASS_CREATOR,MONTHLY_FIXED,AVAILABLE,"",KRW,5500000.00,5500000.00,,5500000.00,2022-11-30 15:00:00,2022-11-30 15:00:00,,,2022-12-31 15:00:00,,,,2023-01-31 02:31:46,2023-01-31 02:31:46
2187,GUARANTEE_x92PrP3oCByR3qx,634f4a3ea0f4380015fcf014,62c3a5f108cfed000e9e46a6,KLASS_CREATOR,MONTHLY_FIXED,AVAILABLE,"",KRW,10000000.00,10000000.00,,10000000.00,2022-11-30 15:00:00,2022-11-30 15:00:00,,,2022-12-31 15:00:00,,,,2023-01-31 02:31:46,2023-01-31 02:31:46
2188,GUARANTEE_nrbdSKijHJnJ1kn,633f803ae260460015d58fc8,62e2710f629fcf000eb8d935,KLASS_CREATOR,MONTHLY_FIXED,AVAILABLE,"",KRW,12000000.00,12000000.00,,12000000.00,2022-11-30 15:00:00,2022-11-30 15:00:00,,,2022-12-31 15:00:00,,,,2023-01-31 02:31:46,2023-01-31 02:31:46
2189,GUARANTEE_0YVZV4pbplSVSlY,635f53135bde9b00158df7d2,6305a6526eb89500151d4600,KLASS_CREATOR,MONTHLY_FIXED,AVAILABLE,"",KRW,5000000.00,5000000.00,,5000000.00,2022-11-30 15:00:00,2022-11-30 15:00:00,,,2022-12-31 15:00:00,,,,2023-01-31 02:31:47,2023-01-31 02:31:47
2190,GUARANTEE_gceJrBuyxhYeF01,635f64f648af240018dfd81d,62fdfa401439b2000eb33c2f,KLASS_CREATOR,MONTHLY_FIXED,AVAILABLE,"",KRW,15000000.00,15000000.00,,15000000.00,2022-11-30 15:00:00,2022-11-30 15:00:00,,,2022-12-31 15:00:00,,,,2023-01-31 02:31:47,2023-01-31 02:31:47
2191,GUARANTEE_hPtBBlU8J3SKiRo,63193953645deb000faeb75a,630dc23ec4ba36000e2d1db7,KLASS_CREATOR,MONTHLY_FIXED,AVAILABLE,"",KRW,30000000.00,30000000.00,,30000000.00,2022-11-30 15:00:00,2022-11-30 15:00:00,,,2022-12-31 15:00:00,,,,2023-01-31 02:31:47,2023-01-31 02:31:47
2192,GUARANTEE_crW2Tr9S2j8nLxI,630c65a887d4cf001582ecde,62eb75e3314dee0015e5ee8d,KLASS_CREATOR,MONTHLY_FIXED,AVAILABLE,"22 9 4,000,000  / 22 12 4,000,000 ",KRW,8000000.00,8000000.00,,8000000.00,2022-11-30 15:00:00,2022-11-30 15:00:00,,,2022-12-31 15:00:00,,,,2023-01-31 02:31:48,2023-01-31 02:31:48
2193,GUARANTEE_HuHLwxFWjBOZ1pz,63085be04eebee000e70d63f,6301df343fa856000ede5efd,KLASS_CREATOR,MONTHLY_FIXED,AVAILABLE,"",KRW,3150000.00,3150000.00,,3150000.00,2022-11-30 15:00:00,2022-11-30 15:00:00,,,2022-12-31 15:00:00,,,,2023-01-31 02:31:48,2023-01-31 02:31:48
2194,GUARANTEE_jN4JUlah1dMM8By,636077c2984f1100169516fd,6344c8bc55c047000fb84dda,KLASS_CREATOR,MONTHLY_FIXED,AVAILABLE,"",KRW,20000000.00,20000000.00,,20000000.00,2022-11-30 15:00:00,2022-11-30 15:00:00,,,2022-12-31 15:00:00,,,,2023-01-31 02:31:48,2023-01-31 02:31:48
2195,GUARANTEE_qwQvMgaP3pmsSPU,635f714e0edc3200162b61a2,6347b86e68bc4600154c9496,KLASS_CREATOR,MONTHLY_FIXED,AVAILABLE,"",KRW,15000000.00,15000000.00,,15000000.00,2022-11-30 15:00:00,2022-11-30 15:00:00,,,2022-12-31 15:00:00,,,,2023-01-31 02:31:48,2023-01-31 02:31:48
2196,GUARANTEE_z0L1q3eVJAlIsyt,635f725080c728000eb9acc6,634cf8d5aa81a3000eddb103,KLASS_CREATOR,MONTHLY_FIXED,AVAILABLE,"",KRW,3000000.00,3000000.00,,3000000.00,2022-11-30 15:00:00,2022-11-30 15:00:00,,,2022-12-31 15:00:00,,,,2023-01-31 02:31:48,2023-01-31 02:31:48
2197,GUARANTEE_1mrUFgruNBvUGIU,639ace06c5bd36000eebec9c,637b2b616a19bd000eba87aa,KLASS_CREATOR,MONTHLY_FIXED,AVAILABLE,"",KRW,3000000.00,3000000.00,,3000000.00,2022-12-31 15:00:00,2022-12-31 15:00:00,,,2023-01-31 15:00:00,,,,2023-01-31 02:31:49,2023-01-31 02:31:49
2198,GUARANTEE_G8G77WgHALemN1s,632289ae72f756000ec6a942,63227c6e7fb61e000ee47580,KLASS_CREATOR,MONTHLY_FIXED,AVAILABLE,"22 10 3,000,000  / 23 2 7,000,000 ",KRW,10000000.00,10000000.00,,7000000.00,2022-12-31 15:00:00,2022-12-31 15:00:00,,,2023-01-31 15:00:00,,,,2023-01-31 02:31:49,2023-01-31 02:31:49
2199,GUARANTEE_eigPIjCYzwJPvgG,639be8046b2c710015d1b8f0,635930a6941832000fbb9b11,KLASS_CREATOR,MONTHLY_FIXED,AVAILABLE,"",KRW,1500000.00,1500000.00,,1500000.00,2022-12-31 15:00:00,2022-12-31 15:00:00,,,2023-01-31 15:00:00,,,,2023-01-31 02:31:49,2023-01-31 02:31:49
2200,GUARANTEE_Hxu15V3mFtZ3NZB,638d2a82d47d8f000e2991be,637dddc4d40c16000e27b708,KLASS_CREATOR,MONTHLY_FIXED,AVAILABLE,"23 1 5,000,000  / 23 3 5,000,000 ",KRW,10000000.00,10000000.00,,5000000.00,2023-01-31 15:00:00,2023-01-31 15:00:00,,,2023-01-31 15:00:00,,,,2023-01-31 02:31:49,2023-01-31 02:31:49
2201,GUARANTEE_0iN5QKfJJDRlIdY,636e10865f6cd2001518a365,633d876dd45bc900168e8b9b,KLASS_CREATOR,MONTHLY_FIXED,AVAILABLE,"22 11 2,500,000  / 23 3 2,500,000 ",KRW,5000000.00,5000000.00,,2500000.00,2023-01-31 15:00:00,2023-01-31 15:00:00,,,2022-12-31 15:00:00,,,,2023-01-31 02:31:50,2023-01-31 02:31:50
2202,GUARANTEE_hNDZCUL4HbDCsK5,63ae754d7a801e0016027ba6,63ae64f2129ac1001602c610,KLASS_CREATOR,MONTHLY_FIXED,AVAILABLE,"",KRW,5000000.00,5000000.00,,5000000.00,2022-11-30 15:00:00,2022-11-30 15:00:00,,,2022-12-31 15:00:00,,,,2023-01-31 02:31:50,2023-01-31 02:31:50
2203,GUARANTEE_6pk2dxYaoYlKYlq,634660162c53f100150c84cd,63465ff4d5a6e4000e1174b6,KLASS_CREATOR,MONTHLY_FIXED,AVAILABLE,"",KRW,5000000.00,5000000.00,,5000000.00,2022-11-30 15:00:00,2022-11-30 15:00:00,,,2022-12-31 15:00:00,,,,2023-01-31 02:31:50,2023-01-31 02:31:50
2204,GUARANTEE_xgPCMPBJLxEOvsr,620afdd422f403000db65782,61e13196e78bcf000d6461bc,KLASS_CREATOR,MONTHLY_FIXED,AVAILABLE,"",KRW,6000000.00,0.00,,6000000.00,2022-11-30 15:00:00,2022-11-30 15:00:00,,0.00,,,,,2023-01-31 02:31:50,2023-01-31 02:31:50
2205,GUARANTEE_83TQocizM4NcYyi,62d78b3f88ec3e0015eff40b,626637681ebb9e000eae4128,KLASS_CREATOR,MONTHLY_FIXED,AVAILABLE,"",KRW,2000000.00,0.00,,2000000.00,2022-11-30 15:00:00,2022-11-30 15:00:00,,0.00,,,,,2023-01-31 02:31:50,2023-01-31 02:31:50
2206,GUARANTEE_mjhofuqF5HgZZ5r,62b0198909ae32000ff3f192,62ac32132301510015691597,KLASS_CREATOR,MONTHLY_FIXED,AVAILABLE,"",KRW,40000000.00,0.00,,40000000.00,2022-11-30 15:00:00,2022-11-30 15:00:00,,0.00,,,,,2023-01-31 02:31:51,2023-01-31 02:31:51
2207,GUARANTEE_nbaPk6UlXhYJlbU,5ec7c3b9b1c0c61b0ffed473,5eafd7c4e609cc592f13432a,KLASS_CREATOR,MONTHLY_FIXED,AVAILABLE,"",KRW,44000000.00,13180270.00,,44000000.00,2022-11-30 15:00:00,2022-11-30 15:00:00,,,2022-12-31 15:00:00,,,,2023-01-31 02:31:51,2023-01-31 02:31:51
2208,GUARANTEE_3OHfhH1knmlRygd,605ac7c1eb0b35000dc27a13,6029e47fe0f97a0014e325d9,KLASS_CREATOR,MONTHLY_FIXED,AVAILABLE,"",KRW,5500000.00,1704000.00,,5500000.00,2022-11-30 15:00:00,2022-11-30 15:00:00,,,2022-12-31 15:00:00,,,,2023-01-31 02:31:51,2023-01-31 02:31:51
2209,GUARANTEE_zf0Y0iHanSwj30i,62df7d16dd2b4100157e3d6a,6283636ecb017e000eda290e,KLASS_CREATOR,MONTHLY_FIXED,AVAILABLE,"",KRW,60000000.00,60000000.00,,20000000.00,2022-11-30 15:00:00,2023-01-31 15:00:00,,10000000.00,2022-12-31 15:00:00,,,,2023-01-31 02:31:51,2023-01-31 02:31:51
2210,GUARANTEE_yAgiAIo7EC0COBQ,63d10383a7f7e20015035312,63a1bf19f57971000f267ed9,PRIVATE_BRAND,MONTHLY_FIXED,AVAILABLE,"",KRW,1500000.00,0.00,,1500000.00,2022-12-31 15:00:00,2022-12-31 15:00:00,,0.00,,,,,2023-01-31 02:31:52,2023-01-31 02:31:52
2211,GUARANTEE_QwyAjHtZpExuDbe,635f5202374ac8000e6eeffc,635b999eebc7f6000d91c143,KLASS_CREATOR,MONTHLY_FIXED,AVAILABLE,4 ,KRW,3000000.00,3000000.00,,3000000.00,2022-11-30 15:00:00,2022-11-30 15:00:00,,,2022-12-31 15:00:00,,,,2023-01-31 02:31:52,2023-01-31 02:31:52
2212,GUARANTEE_x6QDcrlesgCyUuR,63d3c4f9b118d6000fa62855,63bd1a9231dcf5000ede679e,KLASS_CREATOR,MONTHLY_FIXED,AVAILABLE,6 ,KRW,3000000.00,3000000.00,,3000000.00,2023-01-31 15:00:00,2023-01-31 15:00:00,,,2023-02-28 15:00:00,,,,2023-01-31 02:31:52,2023-01-31 02:31:52
2213,GUARANTEE_LBydEIj8m2ZIMCS,62b5eae68bf42c00899065c9,62b4c49d48f2a4001598ffc1,PRIVATE_BRAND,MONTHLY_FIXED,AVAILABLE,"",USD,5000.00,0.00,,5000.00,2022-11-30 15:00:00,2022-11-30 15:00:00,,,,,,,2023-01-31 02:32:01,2023-01-31 02:32:01
2214,GUARANTEE_EcrcShOkzMLgDci,6317a08e0f253a000ebe8b76,63179234a22a8c000e12d047,PRIVATE_BRAND,MONTHLY_FIXED,AVAILABLE,"",USD,4500.00,0.00,,4500.00,2022-11-30 15:00:00,2022-11-30 15:00:00,,,,,,,2023-01-31 02:32:01,2023-01-31 02:32:01
2215,GUARANTEE_qHGLqGTwY38wO9w,6320b025faf77000166d24a1,62bb74cb5f469c010801c003,PRIVATE_BRAND,MONTHLY_FIXED,AVAILABLE,"",USD,4200.00,0.00,,4200.00,2022-11-30 15:00:00,2022-11-30 15:00:00,,,,,,,2023-01-31 02:32:02,2023-01-31 02:32:02
2216,GUARANTEE_IDPDBLMsXF314do,630effa46b8ad2000fb8c523,630efaa94cf6b7000e37db37,PRIVATE_BRAND,MONTHLY_FIXED,AVAILABLE,"",USD,3000.00,0.00,,3000.00,2022-11-30 15:00:00,2022-11-30 15:00:00,,,,,,,2023-01-31 02:32:02,2023-01-31 02:32:02
2217,GUARANTEE_lu4amiP1YnnvCCu,63882fc6eb5c49000e3c8200,635651c75325e1000e1b5d3c,PRIVATE_BRAND,MONTHLY_FIXED,AVAILABLE,"",USD,4000.00,0.00,,4000.00,2022-11-30 15:00:00,2022-11-30 15:00:00,,,,,,,2023-01-31 02:32:02,2023-01-31 02:32:02
2218,GUARANTEE_kiChBoR45pCttV9,63464857e7b089000e3392b6,622b78f431411c0013d7d615,PRIVATE_BRAND,MONTHLY_FIXED,AVAILABLE,"",USD,3500.00,0.00,,3500.00,2022-11-30 15:00:00,2022-11-30 15:00:00,,,,,,,2023-01-31 02:32:02,2023-01-31 02:32:02
2219,GUARANTEE_k05d1dBAaBWPBPe,63c75030ac97aa0040706b23,63565ef61be16b000ea3f2e6,PRIVATE_BRAND,MONTHLY_FIXED,AVAILABLE,"",USD,7500.00,0.00,,7500.00,2022-11-30 15:00:00,2022-11-30 15:00:00,,,,,,,2023-01-31 02:32:02,2023-01-31 02:32:02
2220,GUARANTEE_uN6oonsqqwaoosX,62b55bb3225af2000eeda5f2,627dee9a00e31f000ea4d74a,PRIVATE_BRAND,MONTHLY_FIXED,AVAILABLE, ,USD,25000.00,0.00,,12500.00,2022-04-30 15:00:00,2022-06-30 15:00:00,,,,,,,2023-01-31 02:32:03,2023-01-31 02:32:03
2221,GUARANTEE_9qvQ0IzmopQWjvR,63057d4c4b4bde000f5b3d2e,624c5ee799b3d4000e12a078,PRIVATE_BRAND,MONTHLY_FIXED,AVAILABLE,"",USD,6500.00,0.00,,6500.00,2022-11-30 15:00:00,2022-11-30 15:00:00,,,,,,,2023-01-31 02:32:03,2023-01-31 02:32:03
2222,GUARANTEE_yxgdSkfmHLH8axd,6311a63b6729020015d8390d,621ec9b23fe4790014b2a180,PRIVATE_BRAND,MONTHLY_FIXED,AVAILABLE,"",USD,4000.00,0.00,,4000.00,2022-11-30 15:00:00,2022-11-30 15:00:00,,,,,,,2023-01-31 02:32:03,2023-01-31 02:32:03
2223,GUARANTEE_v6vdyrf9GFFNQBi,6311a651cf638d000ed1260a,623a75c2544b1e000d4ee632,PRIVATE_BRAND,MONTHLY_FIXED,AVAILABLE,"",USD,4000.00,0.00,,4000.00,2022-11-30 15:00:00,2022-11-30 15:00:00,,,,,,,2023-01-31 02:32:03,2023-01-31 02:32:03
2224,GUARANTEE_TDXGDCXpmTNKIrk,6346311d4f34a7000eeb0a37,624cfb435fe71b000e9564eb,PRIVATE_BRAND,MONTHLY_FIXED,AVAILABLE,"",USD,6000.00,0.00,,6000.00,2022-11-30 15:00:00,2022-11-30 15:00:00,,,,,,,2023-01-31 02:32:04,2023-01-31 02:32:04
2225,GUARANTEE_dUiUUQ2PAUTBHIq,6320b18f682e32000ffa5a4e,6266c90c262f89000f7f4175,PRIVATE_BRAND,MONTHLY_FIXED,AVAILABLE,"",USD,6000.00,0.00,,6000.00,2022-11-30 15:00:00,2022-11-30 15:00:00,,,,,,,2023-01-31 02:32:04,2023-01-31 02:32:04
2226,GUARANTEE_8eVe9jMQe6OQFH1,63ac8014256d36003c499e4e,63ac7f6cb0334c000e1706c1,SUBSCRIPTION_CREATOR,MONTHLY_FIXED,AVAILABLE,"",USD,2000.00,2000.00,,2000.00,2022-11-30 15:00:00,2022-11-30 15:00:00,,,,,,,2023-01-31 02:32:04,2023-01-31 02:32:04
2227,GUARANTEE_tJqSieLCZ5uheYR,6322f464e8547d0016e246bd,6322e030ae4658000e2851a9,SUBSCRIPTION_CREATOR,MONTHLY_FIXED,AVAILABLE,"",USD,6000.00,6000.00,,6000.00,2022-11-30 15:00:00,2022-11-30 15:00:00,,,,,,,2023-01-31 02:32:05,2023-01-31 02:32:05
2228,GUARANTEE_Pdi7ih732QFbBGl,632c1f21c7eed5000ee28774,632979081ccf75000ecfd9ec,SUBSCRIPTION_CREATOR,MONTHLY_FIXED,AVAILABLE,"",USD,4000.00,4000.00,,4000.00,2022-11-30 15:00:00,2022-11-30 15:00:00,,,,,,,2023-01-31 02:32:05,2023-01-31 02:32:05
2229,GUARANTEE_Uy12f7KejUCSzbH,633289edba5435000ea09722,6332823757efb0000f01d27b,SUBSCRIPTION_CREATOR,MONTHLY_FIXED,AVAILABLE,"$3,000 (  KRW )",KRW,4279980.00,4279980.00,,4279980.00,2022-11-30 15:00:00,2022-11-30 15:00:00,,,,,,,2023-01-31 02:32:05,2023-01-31 02:32:05
2230,GUARANTEE_TrCUl88IWEr0FG0,63578e81e5fd23000e7631b7,6352229e60cad1000ff9ccff,SUBSCRIPTION_CREATOR,MONTHLY_FIXED,AVAILABLE,"",USD,10000.00,10000.00,,10000.00,2022-11-30 15:00:00,2022-11-30 15:00:00,,,,,,,2023-01-31 02:32:05,2023-01-31 02:32:05
2231,GUARANTEE_5poqqQjgxy31PYx,633ea30b5fc532001565c9e9,633e9969b35e83000e3d24c1,SUBSCRIPTION_CREATOR,MONTHLY_FIXED,AVAILABLE,"",USD,4000.00,4000.00,,4000.00,2022-11-30 15:00:00,2022-11-30 15:00:00,,,,,,,2023-01-31 02:32:06,2023-01-31 02:32:06
2232,GUARANTEE_TVaINEHMUffTjNK,6360e9ceace3c9001511baef,63609f21ed7a530015c7f3e3,SUBSCRIPTION_CREATOR,MONTHLY_FIXED,AVAILABLE, ,USD,3100.00,3100.00,,1550.00,2022-06-30 15:00:00,2022-09-30 15:00:00,,,,,,,2023-01-31 02:32:06,2023-01-31 02:32:06
2233,GUARANTEE_w1fgvaIEOr76MgB,6371dd13a17fef000fcec2df,635220f12fd349000e2825fb,SUBSCRIPTION_CREATOR,MONTHLY_FIXED,AVAILABLE, ,USD,3000.00,3000.00,,1500.00,2022-06-30 15:00:00,2022-10-31 15:00:00,,,,,,,2023-01-31 02:32:06,2023-01-31 02:32:06
2234,GUARANTEE_c9tK0orShx0JTVQ,634644cd9e1bf1001513635b,63579005b7caee00109f29cd,SUBSCRIPTION_CREATOR,MONTHLY_FIXED,AVAILABLE,"",USD,2500.00,2500.00,,2500.00,2022-11-30 15:00:00,2022-11-30 15:00:00,,,,,,,2023-01-31 02:32:06,2023-01-31 02:32:06
2235,GUARANTEE_h9DK8KU5Lj1YOoz,6374e6102c4c1d0015787410,6384d7dc717e52000e43418a,SUBSCRIPTION_CREATOR,MONTHLY_FIXED,AVAILABLE,"",USD,2500.00,2500.00,,2500.00,2022-11-30 15:00:00,2022-11-30 15:00:00,,,,,,,2023-01-31 02:32:07,2023-01-31 02:32:07
2236,GUARANTEE_SrgGrYJyEqP0tew,639cc8faf02e70001029a2e6,6356e84865f8c60015d3d217,SUBSCRIPTION_CREATOR,MONTHLY_FIXED,AVAILABLE,"",USD,2500.00,2500.00,,2500.00,2022-11-30 15:00:00,2022-11-30 15:00:00,,,,,,,2023-01-31 02:32:08,2023-01-31 02:32:08
2237,GUARANTEE_QizzQouLGELlk07,639b6ab6714096000e18ad50,6399f3cb040253000fcbe3db,SUBSCRIPTION_CREATOR,MONTHLY_FIXED,AVAILABLE,"",USD,2000.00,2000.00,,2000.00,2022-11-30 15:00:00,2022-11-30 15:00:00,,,,,,,2023-01-31 02:32:08,2023-01-31 02:32:08
2238,GUARANTEE_6RndtPY7uCzL9FZ,639b88f51a9240000eb6b88b,6356ecbcb3be5a000f8793a6,SUBSCRIPTION_CREATOR,MONTHLY_FIXED,AVAILABLE,"",USD,2000.00,2000.00,,2000.00,2022-11-30 15:00:00,2022-11-30 15:00:00,,,,,,,2023-01-31 02:32:08,2023-01-31 02:32:08
2239,GUARANTEE_7CCPO86DiJZei4N,6374e8c7eeb1c0001573feea,63892eb62ca7cb000ebb77f2,SUBSCRIPTION_CREATOR,MONTHLY_FIXED,AVAILABLE,"",USD,4000.00,4000.00,,4000.00,2022-11-30 15:00:00,2022-11-30 15:00:00,,,,,,,2023-01-31 02:32:08,2023-01-31 02:32:08
2240,GUARANTEE_FAxYoNF7klHcQp3,63464b9c7d98bc00154ddff4,6209d8bc2a90c632dd753b11,SUBSCRIPTION_CREATOR,MONTHLY_FIXED,AVAILABLE, - ,USD,4800.00,4800.00,,2400.00,2022-06-30 15:00:00,2023-02-28 15:00:00,,,,,,,2023-01-31 02:32:09,2023-01-31 02:32:09
2241,GUARANTEE_Za61wUT86pc8baG,63c8f23eb3edb5000ed2303a,63c8f1c75076ae0015d7c326,SUBSCRIPTION_CREATOR,MONTHLY_FIXED,AVAILABLE,"",USD,2000.00,2000.00,,2000.00,2022-11-30 15:00:00,2022-11-30 15:00:00,,,,,,,2023-01-31 02:32:09,2023-01-31 02:32:09
2242,GUARANTEE_XyUk45GoCqPhtdJ,63c5da9c4154fa0016ddbec9,63c5da717fab270015d78db8,SUBSCRIPTION_CREATOR,MONTHLY_FIXED,AVAILABLE, - ,USD,1400.00,1400.00,,700.00,2022-11-30 15:00:00,2023-01-31 15:00:00,,,,,,,2023-01-31 02:32:09,2023-01-31 02:32:09
2243,GUARANTEE_jGi2Zi4rsBu9RmC,62b198f4b80986b6ed124866,60f7bd02f612170014b62ab1,KLASS_CREATOR,MONTHLY_FIXED,AVAILABLE, ( 22 12 ),USD,3900.00,720.00,,3900.00,2022-11-30 15:00:00,2022-11-30 15:00:00,,,,,,,2023-01-31 02:32:09,2023-01-31 02:32:09
2244,GUARANTEE_VtfVWYGyn4Fyxge,62b198eeb80986b6ed1246bf,6209d6f22a90c632dd753824,KLASS_CREATOR,MONTHLY_FIXED,AVAILABLE, ( 22 12 ),USD,2000.00,770.00,,2000.00,2022-11-30 15:00:00,2022-11-30 15:00:00,,,,,,,2023-01-31 02:32:09,2023-01-31 02:32:09
2245,GUARANTEE_v0KhTJqZF33AjyQ,62b198e4b80986b6ed12433d,60d416fb4d73af001531005c,KLASS_CREATOR,MONTHLY_FIXED,AVAILABLE, ( 22 12 ),USD,3000.00,1600.00,,3000.00,2022-11-30 15:00:00,2022-11-30 15:00:00,,,,,,,2023-01-31 02:32:10,2023-01-31 02:32:10
2246,GUARANTEE_ANuWkN5fC48TFAs,62b198f4b80986b6ed124828,60a32edc8c0f5800156157d4,KLASS_CREATOR,MONTHLY_FIXED,AVAILABLE, ( 22 12 ),USD,1200.00,330.00,,1200.00,2022-11-30 15:00:00,2022-11-30 15:00:00,,,,,,,2023-01-31 02:32:10,2023-01-31 02:32:10
2247,GUARANTEE_uN5CTtnOvqsZEOu,62b198e8b80986b6ed124480,5ff524b2f37103000d5c1ab7,KLASS_CREATOR,MONTHLY_FIXED,AVAILABLE, ( 22 12 ),USD,3490.00,1720.00,,3490.00,2022-11-30 15:00:00,2022-11-30 15:00:00,,,,,,,2023-01-31 02:32:10,2023-01-31 02:32:10
2248,GUARANTEE_WJ9IrA325l8Yrlb,62b198eab80986b6ed124534,610a46ac43d7d6000d35864c,KLASS_CREATOR,MONTHLY_FIXED,AVAILABLE, ( 22 12 ),USD,3000.00,500.00,,3000.00,2022-11-30 15:00:00,2022-11-30 15:00:00,,,,,,,2023-01-31 02:32:10,2023-01-31 02:32:10
2249,GUARANTEE_1XnJZRb3MgebDML,6311a646bac412000f304bca,622fe7168c0fcb000d87ed0f,KLASS_CREATOR,MONTHLY_FIXED,AVAILABLE, ( 22 12 ),USD,2000.00,250.00,,2000.00,2022-11-30 15:00:00,2022-11-30 15:00:00,,,,,,,2023-01-31 02:32:11,2023-01-31 02:32:11
2250,GUARANTEE_zJWcZVa7QkqoHrw,63119dbab208ea001721d06e,60f7c766adf66f000d67b8b7,KLASS_CREATOR,MONTHLY_FIXED,AVAILABLE, ( 22 12 ),USD,2000.00,100.00,,2000.00,2022-11-30 15:00:00,2022-11-30 15:00:00,,,,,,,2023-01-31 02:32:11,2023-01-31 02:32:11
2251,GUARANTEE_bWLaTevmot4uqAK,62b19905b80986b6ed124da4,62173f33a05b25000dc398d2,KLASS_CREATOR,MONTHLY_FIXED,AVAILABLE, ( 22 12 ),USD,4000.00,3500.00,,4000.00,2022-11-30 15:00:00,2022-11-30 15:00:00,,,,,,,2023-01-31 02:32:11,2023-01-31 02:32:11
2252,GUARANTEE_e7vRrso4FYPG5b1,61dfbc9d94bdc345d4aa4d57,"",SUBSCRIPTION_CREATOR,MONTHLY_FIXED,AVAILABLE,"",JPY,200000.00,35000.00,,200000.00,2022-11-30 15:00:00,2022-11-30 15:00:00,,,,,,,2023-01-31 02:33:04,2023-01-31 02:33:04
2253,GUARANTEE_zlAZLopRu3Pdyy9,61dfbc9d94bdc345d4aa4d6b,"",SUBSCRIPTION_CREATOR,MONTHLY_FIXED,AVAILABLE,"",JPY,200000.00,29000.00,,200000.00,2022-11-30 15:00:00,2022-11-30 15:00:00,,,,,,,2023-01-31 02:33:05,2023-01-31 02:33:05
2254,GUARANTEE_3bFRDcMyjwYlGKI,61dfbc9d94bdc345d4aa4d68,"",SUBSCRIPTION_CREATOR,MONTHLY_FIXED,AVAILABLE,"",JPY,200000.00,47000.00,,200000.00,2022-11-30 15:00:00,2022-11-30 15:00:00,,,,,,,2023-01-31 02:33:05,2023-01-31 02:33:05
2255,GUARANTEE_vvSVrZoU54zTWtQ,61dfbc9d94bdc345d4aa4d8b,"",SUBSCRIPTION_CREATOR,MONTHLY_FIXED,AVAILABLE,"",JPY,200000.00,32000.00,,200000.00,2022-11-30 15:00:00,2022-11-30 15:00:00,,,,,,,2023-01-31 02:33:05,2023-01-31 02:33:05
2256,GUARANTEE_3eLmCLH9uQbacmA,61dfbc9d94bdc345d4aa4d7f,"",SUBSCRIPTION_CREATOR,MONTHLY_FIXED,AVAILABLE,"",JPY,200000.00,86000.00,,200000.00,2022-11-30 15:00:00,2022-11-30 15:00:00,,,,,,,2023-01-31 02:33:06,2023-01-31 02:33:06
2257,GUARANTEE_8TjIxcZsiEY7Eye,61dfbc9d94bdc345d4aa4d87,"",SUBSCRIPTION_CREATOR,MONTHLY_FIXED,AVAILABLE,"",JPY,200000.00,125000.00,,200000.00,2022-11-30 15:00:00,2022-11-30 15:00:00,,,,,,,2023-01-31 02:33:06,2023-01-31 02:33:06
2258,GUARANTEE_bauL7Y9QCIIADMc,61dfbc9d94bdc345d4aa4d8e,"",SUBSCRIPTION_CREATOR,MONTHLY_FIXED,AVAILABLE,"",JPY,200000.00,172000.00,,200000.00,2022-11-30 15:00:00,2022-11-30 15:00:00,,,,,,,2023-01-31 02:33:06,2023-01-31 02:33:06
2259,GUARANTEE_lwh7l2ymyYpjr87,61dfbc9d94bdc345d4aa4d92,"",SUBSCRIPTION_CREATOR,MONTHLY_FIXED,AVAILABLE,"",JPY,200000.00,92108.00,,200000.00,2022-11-30 15:00:00,2022-11-30 15:00:00,,,,,,,2023-01-31 02:33:06,2023-01-31 02:33:06
2260,GUARANTEE_bZiKmvyEErjEt1w,61dfbc9d94bdc345d4aa4d95,"",SUBSCRIPTION_CREATOR,MONTHLY_FIXED,AVAILABLE,"",JPY,200000.00,20000.00,,200000.00,2022-11-30 15:00:00,2022-11-30 15:00:00,,,,,,,2023-01-31 02:33:07,2023-01-31 02:33:07
2261,GUARANTEE_oxaFtUCEBYtXseQ,61dfbc9d94bdc345d4aa4d97,"",SUBSCRIPTION_CREATOR,MONTHLY_FIXED,AVAILABLE,"",JPY,200000.00,107000.00,,200000.00,2022-11-30 15:00:00,2022-11-30 15:00:00,,,,,,,2023-01-31 02:33:07,2023-01-31 02:33:07
2262,GUARANTEE_cBBySuHTWG66WWB,61dfbc9d94bdc345d4aa4d96,"",SUBSCRIPTION_CREATOR,MONTHLY_FIXED,AVAILABLE,"",JPY,200000.00,65000.00,,200000.00,2022-11-30 15:00:00,2022-11-30 15:00:00,,,,,,,2023-01-31 02:33:07,2023-01-31 02:33:07
2263,GUARANTEE_na9zVuTcrKywlqH,61dfbc9d94bdc345d4aa4d9e,"",SUBSCRIPTION_CREATOR,MONTHLY_FIXED,AVAILABLE,"",JPY,200000.00,125000.00,,200000.00,2022-11-30 15:00:00,2022-11-30 15:00:00,,,,,,,2023-01-31 02:33:07,2023-01-31 02:33:07
2264,GUARANTEE_SZKghdYM1IMzDmd,61dfbc9d94bdc345d4aa4d9d,"",SUBSCRIPTION_CREATOR,MONTHLY_FIXED,AVAILABLE,"",JPY,200000.00,77000.00,,200000.00,2022-11-30 15:00:00,2022-11-30 15:00:00,,,,,,,2023-01-31 02:33:08,2023-01-31 02:33:08
2265,GUARANTEE_EHXYdMuZDvduADS,61dfbc9d94bdc345d4aa4da2,"",SUBSCRIPTION_CREATOR,MONTHLY_FIXED,AVAILABLE,"",JPY,200000.00,173000.00,,200000.00,2022-11-30 15:00:00,2022-11-30 15:00:00,,,,,,,2023-01-31 02:33:08,2023-01-31 02:33:08
2266,GUARANTEE_1N2sIzjKHEKPJvP,61dfbc9d94bdc345d4aa4d8f,"",SUBSCRIPTION_CREATOR,MONTHLY_FIXED,AVAILABLE,"",JPY,200000.00,11000.00,,200000.00,2022-11-30 15:00:00,2022-11-30 15:00:00,,,,,,,2023-01-31 02:33:08,2023-01-31 02:33:08
2267,GUARANTEE_kzEHAp9QbjNehxy,61dfbc9d94bdc345d4aa4da4,"",SUBSCRIPTION_CREATOR,MONTHLY_FIXED,AVAILABLE,"",JPY,200000.00,146000.00,,200000.00,2022-11-30 15:00:00,2022-11-30 15:00:00,,,,,,,2023-01-31 02:33:09,2023-01-31 02:33:09
2268,GUARANTEE_syTJSjMfY6FAGls,61dfbc9d94bdc345d4aa4da8,"",SUBSCRIPTION_CREATOR,MONTHLY_FIXED,AVAILABLE,"",JPY,200000.00,80000.00,,200000.00,2022-11-30 15:00:00,2022-11-30 15:00:00,,,,,,,2023-01-31 02:33:09,2023-01-31 02:33:09
2269,GUARANTEE_tjYlTNWusTqNd8S,61dfbc9d94bdc345d4aa4dab,"",SUBSCRIPTION_CREATOR,MONTHLY_FIXED,AVAILABLE,"",JPY,200000.00,142000.00,,200000.00,2022-11-30 15:00:00,2022-11-30 15:00:00,,,,,,,2023-01-31 02:33:09,2023-01-31 02:33:09
2270,GUARANTEE_tTtPLyImhQXFKXy,61dfbc9d94bdc345d4aa4dac,"",SUBSCRIPTION_CREATOR,MONTHLY_FIXED,AVAILABLE,"",JPY,200000.00,62000.00,,200000.00,2022-11-30 15:00:00,2022-11-30 15:00:00,,,,,,,2023-01-31 02:33:10,2023-01-31 02:33:10
2271,GUARANTEE_PWgLzxw2xPbxhMG,61dfbc9d94bdc345d4aa4db4,"",SUBSCRIPTION_CREATOR,MONTHLY_FIXED,AVAILABLE,"",JPY,200000.00,134000.00,,200000.00,2022-11-30 15:00:00,2022-11-30 15:00:00,,,,,,,2023-01-31 02:33:10,2023-01-31 02:33:10
2272,GUARANTEE_UDpP1fqcqcfls6c,61dfbc9d94bdc345d4aa4dbc,"",SUBSCRIPTION_CREATOR,MONTHLY_FIXED,AVAILABLE,"",JPY,200000.00,155000.00,,200000.00,2022-11-30 15:00:00,2022-11-30 15:00:00,,,,,,,2023-01-31 02:33:10,2023-01-31 02:33:10
2273,GUARANTEE_8ixEUdOriMIAZjk,61dfbc9d94bdc345d4aa4db7,"",SUBSCRIPTION_CREATOR,MONTHLY_FIXED,AVAILABLE,"",JPY,200000.00,158000.00,,200000.00,2022-11-30 15:00:00,2022-11-30 15:00:00,,,,,,,2023-01-31 02:33:10,2023-01-31 02:33:10
2274,GUARANTEE_46q2n1FWH3aa8ND,61dfbc9d94bdc345d4aa4db9,"",SUBSCRIPTION_CREATOR,MONTHLY_FIXED,AVAILABLE,"",JPY,200000.00,118000.00,,200000.00,2022-11-30 15:00:00,2022-11-30 15:00:00,,,,,,,2023-01-31 02:33:11,2023-01-31 02:33:11
2275,GUARANTEE_m2C3sk1Z1X8kvfC,61dfbc9d94bdc345d4aa4db6,"",SUBSCRIPTION_CREATOR,MONTHLY_FIXED,AVAILABLE,"",JPY,200000.00,155000.00,,200000.00,2022-11-30 15:00:00,2022-11-30 15:00:00,,,,,,,2023-01-31 02:33:11,2023-01-31 02:33:11
2276,GUARANTEE_ZeYjxCJUbWShhnp,61dfbc9d94bdc345d4aa4dba,"",SUBSCRIPTION_CREATOR,MONTHLY_FIXED,AVAILABLE,"",JPY,200000.00,160000.00,,200000.00,2022-11-30 15:00:00,2022-11-30 15:00:00,,,,,,,2023-01-31 02:33:11,2023-01-31 02:33:11
2277,GUARANTEE_Gb8BfUTRMpglESv,61dfbc9d94bdc345d4aa4dc3,"",SUBSCRIPTION_CREATOR,MONTHLY_FIXED,AVAILABLE,"",JPY,200000.00,185000.00,,200000.00,2022-11-30 15:00:00,2022-11-30 15:00:00,,,,,,,2023-01-31 02:33:11,2023-01-31 02:33:11
2278,GUARANTEE_9hvQtXAmTdfZpHG,61dfbc9d94bdc345d4aa4dc0,"",SUBSCRIPTION_CREATOR,MONTHLY_FIXED,AVAILABLE,"",JPY,200000.00,103000.00,,200000.00,2022-11-30 15:00:00,2022-11-30 15:00:00,,,,,,,2023-01-31 02:33:12,2023-01-31 02:33:12
2279,GUARANTEE_HERAAWnZ97rpPrh,61dfbc9d94bdc345d4aa4dd0,"",SUBSCRIPTION_CREATOR,MONTHLY_FIXED,AVAILABLE,"",JPY,200000.00,155000.00,,200000.00,2022-11-30 15:00:00,2022-11-30 15:00:00,,,,,,,2023-01-31 02:33:12,2023-01-31 02:33:12
2280,GUARANTEE_e00RvhJyLamfBEG,61dfbc9e94bdc345d4aa4dda,"",SUBSCRIPTION_CREATOR,MONTHLY_FIXED,AVAILABLE,"",JPY,200000.00,110000.00,,200000.00,2022-11-30 15:00:00,2022-11-30 15:00:00,,,,,,,2023-01-31 02:33:12,2023-01-31 02:33:12
2281,GUARANTEE_HCACZy6DVJlr1jW,61dfbc9d94bdc345d4aa4dd3,"",SUBSCRIPTION_CREATOR,MONTHLY_FIXED,AVAILABLE,"",JPY,200000.00,104000.00,,200000.00,2022-11-30 15:00:00,2022-11-30 15:00:00,,,,,,,2023-01-31 02:33:13,2023-01-31 02:33:13
2282,GUARANTEE_HDzeIpvf6eo7JUd,61dfbc9e94bdc345d4aa4ddb,"",SUBSCRIPTION_CREATOR,MONTHLY_FIXED,AVAILABLE,"",JPY,200000.00,122000.00,,200000.00,2022-11-30 15:00:00,2022-11-30 15:00:00,,,,,,,2023-01-31 02:33:13,2023-01-31 02:33:13
2283,GUARANTEE_hDdFcDqP3sznPEG,61dfbc9e94bdc345d4aa4de0,"",SUBSCRIPTION_CREATOR,MONTHLY_FIXED,AVAILABLE,"",JPY,200000.00,149000.00,,200000.00,2022-11-30 15:00:00,2022-11-30 15:00:00,,,,,,,2023-01-31 02:33:13,2023-01-31 02:33:13
2284,GUARANTEE_9EduL4ja53xmD8X,61dfbc9e94bdc345d4aa4dde,"",SUBSCRIPTION_CREATOR,MONTHLY_FIXED,AVAILABLE,"",JPY,200000.00,44000.00,,200000.00,2022-11-30 15:00:00,2022-11-30 15:00:00,,,,,,,2023-01-31 02:33:13,2023-01-31 02:33:13
2285,GUARANTEE_YMUo6V07MsoAq9O,61dfbc9e94bdc345d4aa4dea,"",SUBSCRIPTION_CREATOR,MONTHLY_FIXED,AVAILABLE,"",JPY,200000.00,173000.00,,200000.00,2022-11-30 15:00:00,2022-11-30 15:00:00,,,,,,,2023-01-31 02:33:14,2023-01-31 02:33:14
2286,GUARANTEE_Y0tfjnrTwpTlf2O,61dfbc9e94bdc345d4aa4df4,"",SUBSCRIPTION_CREATOR,MONTHLY_FIXED,AVAILABLE,"",JPY,200000.00,173000.00,,200000.00,2022-11-30 15:00:00,2022-11-30 15:00:00,,,,,,,2023-01-31 02:33:14,2023-01-31 02:33:14
2287,GUARANTEE_ogHW9vFLfu0ZkJK,61dfbc9e94bdc345d4aa4dfc,"",SUBSCRIPTION_CREATOR,MONTHLY_FIXED,AVAILABLE,"",JPY,200000.00,158000.00,,200000.00,2022-11-30 15:00:00,2022-11-30 15:00:00,,,,,,,2023-01-31 02:33:14,2023-01-31 02:33:14
2288,GUARANTEE_OEqh2AI23rM4q0z,61dfbc9e94bdc345d4aa4dfa,"",SUBSCRIPTION_CREATOR,MONTHLY_FIXED,AVAILABLE,"",JPY,200000.00,116000.00,,200000.00,2022-11-30 15:00:00,2022-11-30 15:00:00,,,,,,,2023-01-31 02:33:14,2023-01-31 02:33:14
2289,GUARANTEE_vqn5zz1uPHil4jJ,61dfbc9e94bdc345d4aa4e02,"",SUBSCRIPTION_CREATOR,MONTHLY_FIXED,AVAILABLE,"",JPY,200000.00,194000.00,,200000.00,2022-11-30 15:00:00,2022-11-30 15:00:00,,,,,,,2023-01-31 02:33:15,2023-01-31 02:33:15
2290,GUARANTEE_KPuve0uM6WdqAXQ,61dfbc9e94bdc345d4aa4e05,"",SUBSCRIPTION_CREATOR,MONTHLY_FIXED,AVAILABLE,"",JPY,200000.00,65000.00,,200000.00,2022-11-30 15:00:00,2022-11-30 15:00:00,,,,,,,2023-01-31 02:33:15,2023-01-31 02:33:15
2291,GUARANTEE_5xX70QTLfKofukb,61dfbc9d94bdc345d4aa4dbd,"",SUBSCRIPTION_CREATOR,MONTHLY_FIXED,AVAILABLE,"",JPY,200000.00,173000.00,,200000.00,2022-11-30 15:00:00,2022-11-30 15:00:00,,,,,,,2023-01-31 02:33:15,2023-01-31 02:33:15
2292,GUARANTEE_Y3ehK84SjQ11OdV,6231b292a539b9000d8e155f,"",SUBSCRIPTION_CREATOR,MONTHLY_FIXED,AVAILABLE,"",JPY,200000.00,167000.00,,200000.00,2022-11-30 15:00:00,2022-11-30 15:00:00,,,,,,,2023-01-31 02:33:16,2023-01-31 02:33:16
2293,GUARANTEE_LBJ4VmHaaI92Sp0,623429fa7282bb00134684b4,"",SUBSCRIPTION_CREATOR,MONTHLY_FIXED,AVAILABLE,"",JPY,200000.00,149000.00,,200000.00,2022-11-30 15:00:00,2022-11-30 15:00:00,,,,,,,2023-01-31 02:33:16,2023-01-31 02:33:16
2294,GUARANTEE_F2Rh6ClIazbeqYw,62382bdde4d40a0013b495d2,"",SUBSCRIPTION_CREATOR,MONTHLY_FIXED,AVAILABLE,"",JPY,200000.00,100000.00,,200000.00,2022-11-30 15:00:00,2022-11-30 15:00:00,,,,,,,2023-01-31 02:33:16,2023-01-31 02:33:16
2295,GUARANTEE_bF4KDplBF25zwAF,623afd028aa3ce001365bc03,"",SUBSCRIPTION_CREATOR,MONTHLY_FIXED,AVAILABLE,"",JPY,200000.00,185000.00,,200000.00,2022-11-30 15:00:00,2022-11-30 15:00:00,,,,,,,2023-01-31 02:33:16,2023-01-31 02:33:16
2296,GUARANTEE_J0N21twyCBojY56,623a81113be2a4000dad212e,"",SUBSCRIPTION_CREATOR,MONTHLY_FIXED,AVAILABLE,"",JPY,200000.00,176000.00,,200000.00,2022-11-30 15:00:00,2022-11-30 15:00:00,,,,,,,2023-01-31 02:33:17,2023-01-31 02:33:17
2297,GUARANTEE_VVG0ql1VXjjVIgP,623be39a83a3ba000fd9ac88,"",SUBSCRIPTION_CREATOR,MONTHLY_FIXED,AVAILABLE,"",JPY,200000.00,145000.00,,200000.00,2022-11-30 15:00:00,2022-11-30 15:00:00,,,,,,,2023-01-31 02:33:17,2023-01-31 02:33:17
2298,GUARANTEE_rzTxIdJ9X1xjlpM,62675342420cc9005ba6f4e0,"",SUBSCRIPTION_CREATOR,MONTHLY_FIXED,AVAILABLE,"",JPY,200000.00,180000.00,,200000.00,2022-11-30 15:00:00,2022-11-30 15:00:00,,,,,,,2023-01-31 02:33:17,2023-01-31 02:33:17
2299,GUARANTEE_ElChAiKsT08pUii,626b7c9eb2f15e0016423cb2,"",SUBSCRIPTION_CREATOR,MONTHLY_FIXED,AVAILABLE,"",JPY,200000.00,131000.00,,200000.00,2022-11-30 15:00:00,2022-11-30 15:00:00,,,,,,,2023-01-31 02:33:18,2023-01-31 02:33:18
2300,GUARANTEE_g7sdjKDGRBQDAip,624a6551b6f307003d1d71f1,"",SUBSCRIPTION_CREATOR,MONTHLY_FIXED,AVAILABLE,"",JPY,200000.00,158000.00,,200000.00,2022-11-30 15:00:00,2022-11-30 15:00:00,,,,,,,2023-01-31 02:33:18,2023-01-31 02:33:18
2301,GUARANTEE_I6mzKZLCRX9hfII,6238249f5890c50013883e52,"",SUBSCRIPTION_CREATOR,MONTHLY_FIXED,AVAILABLE,"",JPY,200000.00,152000.00,,200000.00,2022-11-30 15:00:00,2022-11-30 15:00:00,,,,,,,2023-01-31 02:33:18,2023-01-31 02:33:18
2302,GUARANTEE_fSPe4t9PPzhQVnA,6260ff2ee872a30015b09b0e,"",SUBSCRIPTION_CREATOR,MONTHLY_FIXED,AVAILABLE,"",JPY,200000.00,134000.00,,200000.00,2022-11-30 15:00:00,2022-11-30 15:00:00,,,,,,,2023-01-31 02:33:18,2023-01-31 02:33:18
2303,GUARANTEE_KsxTzh2PjT6c6gA,61dfbc9e94bdc345d4aa4e1d,"",SUBSCRIPTION_CREATOR,MONTHLY_FIXED,AVAILABLE,"",JPY,1000000.00,971060.00,,1000000.00,2022-11-30 15:00:00,2022-11-30 15:00:00,,,,,,,2023-01-31 02:33:19,2023-01-31 02:33:19
2304,GUARANTEE_ptFwdqxrz4p0Zc8,61dfbc9e94bdc345d4aa4e21,"",SUBSCRIPTION_CREATOR,MONTHLY_FIXED,AVAILABLE,"",JPY,1500000.00,1500000.00,,1500000.00,2022-11-30 15:00:00,2022-11-30 15:00:00,,,,,,,2023-01-31 02:33:19,2023-01-31 02:33:19
2305,GUARANTEE_sVc706oI35qTlGY,61dfbc9e94bdc345d4aa4e18,"",SUBSCRIPTION_CREATOR,MONTHLY_FIXED,AVAILABLE,"",JPY,400000.00,55123.00,,400000.00,2022-11-30 15:00:00,2022-11-30 15:00:00,,,,,,,2023-01-31 02:33:19,2023-01-31 02:33:19
2306,GUARANTEE_AJhOgNZ4bDbISbk,61dfbc9e94bdc345d4aa4e32,"",SUBSCRIPTION_CREATOR,MONTHLY_FIXED,AVAILABLE,"",JPY,1500000.00,1330432.00,,1500000.00,2022-11-30 15:00:00,2022-11-30 15:00:00,,,,,,,2023-01-31 02:33:19,2023-01-31 02:33:19
2307,GUARANTEE_OGqB3ozrcwnpltw,62035a70388fa300157af5bd,"",SUBSCRIPTION_CREATOR,MONTHLY_FIXED,AVAILABLE,"",JPY,1500000.00,1442993.00,,1500000.00,2022-11-30 15:00:00,2022-11-30 15:00:00,,,,,,,2023-01-31 02:33:20,2023-01-31 02:33:20
2308,GUARANTEE_SqBW8QEWFkgu4qJ,61dfbc9e94bdc345d4aa4e37,"",SUBSCRIPTION_CREATOR,MONTHLY_FIXED,AVAILABLE,"",JPY,500000.00,338917.00,,500000.00,2022-11-30 15:00:00,2022-11-30 15:00:00,,,,,,,2023-01-31 02:33:20,2023-01-31 02:33:20
2309,GUARANTEE_uJrLV4SIboni7WS,62fcadd346c3ef0016a18f86,"",KLASS_CREATOR,MONTHLY_FIXED,AVAILABLE, (= ),JPY,165000.00,0.00,,165000.00,2022-11-30 15:00:00,2022-11-30 15:00:00,,,,,,,2023-01-31 02:33:20,2023-01-31 02:33:20
2310,GUARANTEE_eEZr8zPUFYnjXi4,62e8f1859edff800150bc8c9,"",KLASS_CREATOR,MONTHLY_FIXED,AVAILABLE, (= ),JPY,165000.00,0.00,,165000.00,2022-11-30 15:00:00,2022-11-30 15:00:00,,,,,,,2023-01-31 02:33:21,2023-01-31 02:33:21
2311,GUARANTEE_zE1WR5h4ORxh5zb,632af8a450732f000e167a05,"",KLASS_CREATOR,MONTHLY_FIXED,AVAILABLE, (= ),JPY,150000.00,0.00,,150000.00,2022-11-30 15:00:00,2022-11-30 15:00:00,,,,,,,2023-01-31 02:33:21,2023-01-31 02:33:21
2312,GUARANTEE_q0MK51pFM0JQsh5,633eb4dde327e7000e395ff1,"",KLASS_CREATOR,MONTHLY_FIXED,AVAILABLE, (= ),JPY,300000.00,0.00,,300000.00,2022-11-30 15:00:00,2022-11-30 15:00:00,,,,,,,2023-01-31 02:33:21,2023-01-31 02:33:21
2313,GUARANTEE_EMwGtcX6j5rzExR,636a2d12d6b91c0015d068f1,"",KLASS_CREATOR,MONTHLY_FIXED,AVAILABLE, (= ),JPY,150000.00,0.00,,150000.00,2022-11-30 15:00:00,2022-11-30 15:00:00,,,,,,,2023-01-31 02:33:21,2023-01-31 02:33:21
2314,GUARANTEE_OzmSVUPOgDMMHNM,62035a70388fa300157af5bd,"",KLASS_CREATOR,MONTHLY_FIXED,AVAILABLE, (= )/    ,JPY,200000.00,0.00,,200000.00,2022-11-30 15:00:00,2022-11-30 15:00:00,,,,,,,2023-01-31 02:33:22,2023-01-31 02:33:22
2315,GUARANTEE_tDsnW310ccZJnhG,6200a18b14673000148fc800,"",PRIVATE_BRAND,MONTHLY_FIXED,AVAILABLE,"",JPY,80000.00,0.00,,80000.00,2022-11-30 15:00:00,2022-11-30 15:00:00,,,,,,,2023-01-31 02:33:22,2023-01-31 02:33:22
2316,GUARANTEE_PIOamXRfHr9yrjF,6200a2c5fda69b000d34cb32,"",PRIVATE_BRAND,MONTHLY_FIXED,AVAILABLE,"",JPY,50000.00,0.00,,50000.00,2022-11-30 15:00:00,2022-11-30 15:00:00,,,,,,,2023-01-31 02:33:22,2023-01-31 02:33:22
2317,GUARANTEE_ym33HEbMII6gpLc,6200a56b8aef85000dd9b7b1,"",PRIVATE_BRAND,MONTHLY_FIXED,AVAILABLE,"",JPY,50000.00,0.00,,50000.00,2022-11-30 15:00:00,2022-11-30 15:00:00,,,,,,,2023-01-31 02:33:22,2023-01-31 02:33:22
2318,GUARANTEE_gaX25fmWcUIok6A,622f4789e319430013e6afe6,"",PRIVATE_BRAND,MONTHLY_FIXED,AVAILABLE,"",JPY,80000.00,0.00,,80000.00,2022-11-30 15:00:00,2022-11-30 15:00:00,,,,,,,2023-01-31 02:33:23,2023-01-31 02:33:23
2319,GUARANTEE_Df7W2Xx3ZIFnFI9,622f415a9da24c0013133133,"",PRIVATE_BRAND,MONTHLY_FIXED,AVAILABLE,"",JPY,95000.00,0.00,,95000.00,2022-11-30 15:00:00,2022-11-30 15:00:00,,,,,,,2023-01-31 02:33:23,2023-01-31 02:33:23
2320,GUARANTEE_XrqAOUp4nTy8gOD,62340a1b6dda19000d3982d0,"",PRIVATE_BRAND,MONTHLY_FIXED,AVAILABLE,"",JPY,60000.00,0.00,,60000.00,2022-11-30 15:00:00,2022-11-30 15:00:00,,,,,,,2023-01-31 02:33:23,2023-01-31 02:33:23
2321,GUARANTEE_oh7PyM5LgLCfDgM,6238248da8cc19000d901fbc,"",PRIVATE_BRAND,MONTHLY_FIXED,AVAILABLE,"",JPY,80000.00,0.00,,80000.00,2022-11-30 15:00:00,2022-11-30 15:00:00,,,,,,,2023-01-31 02:33:24,2023-01-31 02:33:24
2322,GUARANTEE_dXH27fVqSuk7sGn,61dfbc9e94bdc345d4aa4e27,"",PRIVATE_BRAND,MONTHLY_FIXED,AVAILABLE,"",JPY,50000.00,0.00,,50000.00,2022-11-30 15:00:00,2022-11-30 15:00:00,,,,,,,2023-01-31 02:33:24,2023-01-31 02:33:24
2323,GUARANTEE_NHUSTgTJykNEjwL,6332bb3aef4d2300153a0541,"",SUBSCRIPTION_CREATOR,MONTHLY_FIXED,AVAILABLE,"",JPY,200000.00,0.00,,200000.00,2022-11-30 15:00:00,2022-11-30 15:00:00,,,,,,,2023-01-31 02:33:24,2023-01-31 02:33:24
2324,GUARANTEE_zIRyGvNlxLk1nUq,62309d975bd54f00132f7f02,"",PRIVATE_BRAND,MONTHLY_FIXED,AVAILABLE,"",JPY,50000.00,0.00,,50000.00,2022-11-30 15:00:00,2022-11-30 15:00:00,,,,,,,2023-01-31 02:33:24,2023-01-31 02:33:24
2325,GUARANTEE_m4F85N4akArr8mQ,6212fd89d740e4000d1743e9,"",PRIVATE_BRAND,MONTHLY_FIXED,AVAILABLE,"",JPY,50000.00,0.00,,50000.00,2022-11-30 15:00:00,2022-11-30 15:00:00,,,,,,,2023-01-31 02:33:25,2023-01-31 02:33:25
2326,GUARANTEE_nqsy7E0XVYRLSJP,61dfbc9d94bdc345d4aa4db8,"",SUBSCRIPTION_CREATOR,MONTHLY_FIXED,AVAILABLE,"",KRW,2000000.00,1790000.00,,2000000.00,2022-11-30 15:00:00,2022-11-30 15:00:00,,,,,,,2023-01-31 02:33:25,2023-01-31 02:33:25
2327,GUARANTEE_y4vRvTki0Dr161z,6234351bd3bc7a00136dde40,"",SUBSCRIPTION_CREATOR,MONTHLY_FIXED,AVAILABLE,"",KRW,2000000.00,1010000.00,,2000000.00,2022-11-30 15:00:00,2022-11-30 15:00:00,,,,,,,2023-01-31 02:33:25,2023-01-31 02:33:25
